"","time","pop","ind","mass","measurementInterval","dayMeasure","forkLength","totalLength","stdlen","meanCsizeDorsal","meanCsizeSide"
"1","C","MSK",31,18.799,1,0,9.62,11.33,9.62,3.06863747595927,8.24701190474032
"2","C","MSK",32,10.93,1,0,7.74,9.12,7.74,2.4348619607618,10.4779606904562
"3","C","MSK",33,8.377,1,0,7.7,9.16,7.7,2.33760854394046,11.6138187216631
"4","C","MSK",34,14.926,1,0,8.6,10.17,8.6,2.80601392220776,9.27913408046296
"5","C","MSK",35,5.401,1,0,6.18,7.33,6.18,1.9605255897827,9.15092625217852
"6","C","MSK",36,3.135,1,0,5.24,6.25,5.24,1.59875073121518,10.5572136389133
"7","C","MSK",37,5.071,1,0,6.04,7.18,6.04,1.90983032864172,9.56658784570764
"8","C","MSK",38,20.434,1,0,9.21,10.85,9.21,3.0051091880537,9.27437028192666
"9","C","MSK",39,11.436,1,0,8.3,9.78,8.3,2.58585366595806,12.2511992636079
"10","C","MSK",40,9.096,1,0,7.23,8.57,7.23,2.34249556015519,8.09439356721691
"11","C","MSK",41,7.067,1,0,7.07,8.48,7.07,2.17090872946574,10.5066528954162
"12","C","MSK",42,6.44,1,0,6.54,7.8,6.54,2.02043652137337,10.0981060909557
"13","C","MSK",43,9.459,1,0,7.8,9.25,7.8,2.53806878349728,8.94653724008775
"14","C","MSK",44,3.91,1,0,5.86,5.95,5.86,1.85427596688252,8.2867984106735
"15","C","MSK",45,6.814,1,0,7.17,8.46,7.17,2.11173124171329,11.9896428784625
"16","C","MSK",46,19.075,1,0,9.72,11.25,9.72,2.94075343284598,8.95318622765507
"17","C","MSK",47,8.256,1,0,7.29,8.54,7.29,2.17786499995107,11.5678976029744
"18","C","MSK",48,7.498,1,0,6.98,8.21,6.98,2.15948092110244,8.37635189601208
"19","C","MSK",49,7.623,1,0,7.13,8.39,7.13,2.25199942920791,9.27714556743413
"20","C","MSK",50,19.719,1,0,9.11,10.69,9.11,2.97326787074139,10.3232906915742
"21","C","MSK",51,28.46,1,0,10.98,12.95,10.98,3.34352193529724,10.0003686466755
"22","C","MSK",52,5.29,1,0,6.23,7.41,6.23,1.78637546617879,11.523430018035
"23","C","MSK",53,12.396,1,0,7.7,9.17,7.7,2.50870613928381,9.36286392273767
"24","C","MSK",54,12.085,1,0,8.55,10.06,8.55,2.65044437593351,8.24008603349696
"25","C","MSK",55,11.547,1,0,7.85,9.3,7.85,2.43094891904133,11.0187505348686
"26","C","MSK",56,8.757,1,0,7.09,8.46,7.09,2.26574718702903,11.0414729687158
"27","C","MSK",57,5.131,1,0,6.27,7.42,6.27,1.8969014725079,8.58715918886639
"28","C","MSK",58,4.083,1,0,5.8,6.81,5.8,1.81866770739216,10.9305142911763
"29","C","MSK",59,8.393,1,0,7.11,8.49,7.11,2.27659836301171,8.62837558746731
"30","C","MSK",60,5.522,1,0,6.61,7.82,6.61,1.96306570476341,8.10369956981547
"31","C","CEC",1,4.43,1,0,5.85,7.18,5.85,1.89936970961062,13.4142881545091
"32","C","CEC",2,9.167,1,0,7.53,9.03,7.53,2.48976639599748,10.7582576982551
"33","C","CEC",3,12.642,1,0,8.23,9.83,8.23,2.61765346201232,10.9116835459972
"34","C","CEC",4,5.859,1,0,6.58,7.92,6.58,2.05735627781398,12.278563457491
"35","C","CEC",5,6.066,1,0,6.55,7.82,6.55,2.08489159868776,8.85908597455771
"36","C","CEC",6,8.66,1,0,7.5,9.01,7.5,2.4145155317128,7.27394045693196
"37","C","CEC",7,6.469,1,0,6.73,8.1,6.73,2.1137924650719,8.39091106099403
"38","C","CEC",8,6.099,1,0,6.77,8.06,6.77,1.96217896717647,13.2981770099838
"39","C","CEC",9,13.84,1,0,8.77,10.39,8.77,2.76962514135617,11.5760774163656
"40","C","CEC",10,4.166,1,0,5.86,7,5.86,1.86611775660878,10.2938786111966
"41","C","CEC",11,9.065,1,0,7.49,8.86,7.49,2.38853216702368,9.65944190671081
"42","C","CEC",12,8.013,1,0,7.24,8.64,7.24,2.3399110773398,9.17766664260906
"43","C","CEC",13,5.569,1,0,6.43,7.68,6.43,2.04135546381006,10.7148641289597
"44","C","CEC",14,4.508,1,0,6,7.24,6,1.8833795256287,7.93242981502342
"45","C","CEC",15,12.978,1,0,8.58,10.09,8.58,2.73695905940256,9.89528112538786
"46","C","CEC",16,5.314,1,0,6.4,7.56,6.4,1.90826708054945,13.4821519470778
"47","C","CEC",17,12.873,1,0,8.19,9.86,8.19,2.74835545629032,10.1911782553952
"48","C","CEC",18,4.9,1,0,6.01,7.28,6.01,1.89677690030426,9.67051556150245
"49","C","CEC",19,6.593,1,0,6.57,7.96,6.57,2.19007267033595,9.848358650356
"50","C","CEC",20,9.382,1,0,7.61,9.09,7.61,2.42021366501564,12.8367308002419
"51","C","CEC",21,7.635,1,0,7.28,8.75,7.28,2.32006284589241,15.0709018885783
"52","C","CEC",22,12.072,1,0,8.31,9.76,8.31,2.7113251462767,8.60318416567917
"53","C","CEC",23,6.299,1,0,6.76,8.09,6.76,2.02484127580043,10.9403105906844
"54","C","CEC",24,4.757,1,0,5.9,7.05,5.9,1.87958635480749,11.8457428155735
"55","C","CEC",25,10.422,1,0,7.91,9.55,7.91,2.50706244000658,10.9954252371135
"56","C","CEC",26,9.884,1,0,7.89,9.41,7.89,2.55648636904756,10.2069349719049
"57","C","CEC",27,5.445,1,0,6.18,7.43,6.18,1.97811448436938,8.52094334898922
"58","C","CEC",28,10.093,1,0,7.94,9.36,7.94,2.37668966652923,7.87014246274168
"59","C","CEC",29,4.873,1,0,6.08,7.26,6.08,1.83392173486292,10.0390722844088
"60","C","CEC",30,3.895,1,0,5.83,6.92,5.83,1.82084963269042,9.08586157079675
"61","C","MSK",31,16.888,2,1,9.54,11.23,9.54,3.16747282248333,8.14048879733589
"62","C","MSK",32,9.43,2,1,7.8,9.13,7.8,2.49219014601644,10.4496820097623
"63","C","MSK",33,6.993,2,1,7.8,9.16,7.8,2.32163982712564,11.6037281301328
"64","C","MSK",34,13.331,2,1,8.68,10.24,8.68,2.85814283317607,9.21611286882722
"65","C","MSK",35,4.534,2,1,6.2,7.3,6.2,1.91208894253655,9.06629799045203
"66","C","MSK",36,2.579,2,1,6.05,7.17,6.05,1.576092845224,10.4598750818134
"67","C","MSK",37,4.015,2,1,5.15,6.13,5.15,1.83596744958446,9.39559670261922
"68","C","MSK",38,18.423,2,1,9.32,11.02,9.32,2.9828064578498,9.1727000232854
"69","C","MSK",39,9.727,2,1,8.17,9.57,8.17,2.54355021599495,12.0816454131196
"70","C","MSK",40,7.913,2,1,7.18,8.49,7.18,2.35953637236088,8.04988843331433
"71","C","MSK",41,5.75,2,1,6.88,8.23,6.88,2.10122864869176,10.4846909009932
"72","C","MSK",42,5.537,2,1,6.47,7.71,6.47,1.99272126162515,9.93453846977354
"73","C","MSK",43,7.746,2,1,7.77,9.17,7.77,2.48309200862709,8.87953590981189
"74","C","MSK",44,3.057,2,1,5.89,6.96,5.89,1.83341674665749,8.39501302544245
"75","C","MSK",45,5.476,2,1,7.08,8.35,7.08,2.05694001438339,11.7536882595825
"76","C","MSK",46,16.914,2,1,9.63,11.21,9.63,3.01212859082955,8.8781658882852
"77","C","MSK",47,6.979,2,1,7.2,8.42,7.2,2.16122980135466,11.4437403065296
"78","C","MSK",48,6.171,2,1,7.05,8.24,7.05,2.11378614069579,8.24706699786084
"79","C","MSK",49,6.303,2,1,7.04,8.33,7.04,2.19592140629441,8.91542770741362
"80","C","MSK",50,17.914,2,1,9.08,10.7,9.08,2.9672209731709,10.3603740544323
"81","C","MSK",51,25.259,2,1,10.95,12.65,10.95,3.34543234322714,10.0193102922416
"82","C","MSK",52,4.271,2,1,6.28,7.48,6.28,1.84691589392436,11.4475708553795
"83","C","MSK",53,11.068,2,1,7.7,9.18,7.7,2.47436236706666,9.31628067604408
"84","C","MSK",54,10.233,2,1,8.46,9.98,8.46,2.65177584813566,8.132230877755
"85","C","MSK",55,9.853,2,1,7.89,9.39,7.89,2.38015917100405,11.0027988156867
"86","C","MSK",56,7.608,2,1,7.17,8.55,7.17,2.2407444677059,10.9827672268021
"87","C","MSK",57,4.205,2,1,6.26,7.34,6.26,1.92297834478352,8.6140815750869
"88","C","MSK",58,3.215,2,1,5.84,6.84,5.84,1.85292416940376,10.823994836418
"89","C","MSK",59,7.138,2,1,7.1,8.4,7.1,2.18599300601589,8.56162122987071
"90","C","MSK",60,4.301,2,1,6.59,7.84,6.59,1.96707755525476,7.99146368698557
"91","C","CEC",1,3.692,2,1,5.75,7.05,5.75,1.8806367684418,13.4536868257932
"92","C","CEC",2,7.419,2,1,7.51,9.07,7.51,2.39060338719858,10.788077977242
"93","C","CEC",3,10.752,2,1,8.32,9.8,8.32,2.64215591085012,10.574644496721
"94","C","CEC",4,4.769,2,1,6.52,7.76,6.52,2.0661177201798,12.2126648782771
"95","C","CEC",5,4.675,2,1,6.44,7.66,6.44,2.01970555344829,8.72703873872966
"96","C","CEC",6,7.477,2,1,7.6,9,7.6,2.32789668551995,7.125010869054
"97","C","CEC",7,5.132,2,1,6.64,7.98,6.64,2.09418921830278,8.32981310269138
"98","C","CEC",8,4.925,2,1,6.68,7.94,6.68,2.08536610879505,13.1091850911138
"99","C","CEC",9,11.565,2,1,8.71,10.36,8.71,2.77072719681107,11.4414024852829
"100","C","CEC",10,3.31,2,1,5.72,6.85,5.72,1.7993023226621,10.2031646344295
"101","C","CEC",11,7.528,2,1,7.3,8.65,7.3,2.27942685576148,9.58497321063303
"102","C","CEC",12,6.474,2,1,7.01,8.41,7.01,2.23187044820344,8.95729409477392
"103","C","CEC",13,4.289,2,1,6.39,7.68,6.39,2.04415010349198,10.661180083229
"104","C","CEC",14,3.771,2,1,6.04,7.78,6.04,1.82170842156194,7.87036264998557
"105","C","CEC",15,10.878,2,1,8.58,10.07,8.58,2.68432112769736,9.69949567213798
"106","C","CEC",16,4.084,2,1,6.32,7.51,6.32,1.89100394163509,13.2560419240891
"107","C","CEC",17,10.543,2,1,8.17,9.86,8.17,2.63119374487587,9.90319131430676
"108","C","CEC",18,3.663,2,1,6.05,7.29,6.05,1.89253561858288,9.62558340481638
"109","C","CEC",19,5.265,2,1,6.44,7.8,6.44,2.09813322414795,9.66367027252459
"110","C","CEC",20,7.441,2,1,7.62,9.1,7.62,2.45612806575918,12.4734643955797
"111","C","CEC",21,6.073,2,1,7.26,8.71,7.26,2.31414701636952,15.09973304096
"112","C","CEC",22,9.948,2,1,8.1,9.6,8.1,2.63976102465877,8.44028702863251
"113","C","CEC",23,5.132,2,1,6.73,8.05,6.73,2.03542482995712,10.6629533976774
"114","C","CEC",24,3.816,2,1,5.84,7,5.84,1.88384487759972,11.7995492683954
"115","C","CEC",25,8.654,2,1,7.78,9.3,7.78,2.45812537521421,10.9882639850306
"116","C","CEC",26,7.97,2,1,7.82,9.31,7.82,2.49252704126986,10.1365615672832
"117","C","CEC",27,4.208,2,1,6.18,7.44,6.18,1.87710718547702,8.43445384974555
"118","C","CEC",28,7.94,2,1,7.87,9.28,7.87,2.33908456224178,7.89601977514948
"119","C","CEC",29,3.88,2,1,6.03,7.2,6.03,1.82656468786991,9.88784040347959
"120","C","CEC",30,2.965,2,1,5.84,6.98,5.84,1.78793048571092,8.91968453812613
"121","C","MSK",31,16.311,3,2,9.47,11.16,9.47,3.12469000884595,8.07238034599195
"122","C","MSK",32,9.035,3,2,7.82,9.15,7.82,2.44403430469442,10.5510580665844
"123","C","MSK",33,6.711,3,2,7.67,9.15,7.67,2.3000011920237,11.5921836828875
"124","C","MSK",34,12.694,3,2,8.72,10.21,8.72,2.81180136747168,9.18533576819038
"125","C","MSK",35,4.276,3,2,6.21,7.37,6.21,1.94407222317049,9.05070372127392
"126","C","MSK",36,2.454,3,2,5.18,6.19,5.18,1.62210352368371,10.5547012492923
"127","C","MSK",37,3.817,3,2,5.99,7.2,5.99,1.80031492920791,9.4735479097051
"128","C","MSK",38,17.485,3,2,9.29,10.97,9.29,2.93444916427504,9.14809747275334
"129","C","MSK",39,9.223,3,2,8.2,9.58,8.2,2.50262741960609,12.0886828275889
"130","C","MSK",40,7.623,3,2,7.11,8.45,7.11,2.36384033113701,8.02419885335507
"131","C","MSK",41,5.54,3,2,6.88,8.28,6.88,2.04260469699073,10.4805371316624
"132","C","MSK",42,5.29,3,2,6.52,7.73,6.52,1.98969803447062,9.96969957876905
"133","C","MSK",43,7.41,3,2,7.79,9.21,7.79,2.42913776114493,8.9067806494168
"134","C","MSK",44,2.972,3,2,5.87,6.92,5.87,1.80111347706777,8.35083393417374
"135","C","MSK",45,5.192,3,2,7.05,8.3,7.05,2.04245866093129,11.8574970661994
"136","C","MSK",46,15.872,3,2,9.6,11.24,9.6,3.00141529304321,8.83926665924211
"137","C","MSK",47,6.699,3,2,7.2,8.47,7.2,2.15280272704772,11.4129272947758
"138","C","MSK",48,5.983,3,2,6.97,8.17,6.97,2.10916598802282,8.20373279258382
"139","C","MSK",49,5.98,3,2,7.04,8.32,7.04,2.19289152204528,8.9111712770894
"140","C","MSK",50,17.257,3,2,9.14,10.88,9.14,2.91878248413022,10.2963227549209
"141","C","MSK",51,23.733,3,2,10.85,12.5,10.85,3.31864970754495,9.97997446138479
"142","C","MSK",52,4.142,3,2,6.24,7.46,6.24,1.81187805468821,11.4838185990896
"143","C","MSK",53,10.677,3,2,7.67,9.24,7.67,2.42991513989811,9.30992449432276
"144","C","MSK",54,9.865,3,2,8.38,9.96,8.38,2.64926349723172,8.14092586475431
"145","C","MSK",55,9.441,3,2,7.93,9.44,7.93,2.34144139969452,10.99238025291
"146","C","MSK",56,7.381,3,2,7.06,8.44,7.06,2.22314437816425,10.9983666748141
"147","C","MSK",57,4.109,3,2,6.35,7.43,6.35,1.84733156052109,8.56274285691818
"148","C","MSK",58,3.093,3,2,5.78,6.78,5.78,1.79831471093902,10.8157810321915
"149","C","MSK",59,6.857,3,2,7.04,8.35,7.04,2.16398254586194,8.60992392567752
"150","C","MSK",60,4.128,3,2,6.61,7.81,6.61,1.95489391156018,7.95320829682484
"151","C","CEC",1,3.557,3,2,5.78,7.07,5.78,1.83372515096493,13.3224265018185
"152","C","CEC",2,7.104,3,2,7.52,9.02,7.52,2.35203202753405,10.7597587851208
"153","C","CEC",3,10.24,3,2,8.3,9.83,8.3,2.63414249678061,10.5126039000078
"154","C","CEC",4,4.566,3,2,6.56,7.81,6.56,2.05212668280431,12.1940069111601
"155","C","CEC",5,4.484,3,2,6.44,7.65,6.44,2.02190895837046,8.75787853261645
"156","C","CEC",6,7.137,3,2,7.6,9.11,7.6,2.30414871034022,7.1951046979844
"157","C","CEC",7,4.944,3,2,6.62,7.96,6.62,2.07427570161348,8.30514432759735
"158","C","CEC",8,4.707,3,2,6.65,7.97,6.65,2.05759959568922,13.1873999478281
"159","C","CEC",9,10.909,3,2,8.72,10.42,8.72,2.70788114790461,11.3977568876053
"160","C","CEC",10,3.157,3,2,5.76,6.85,5.76,1.78862162310789,10.1759727137174
"161","C","CEC",11,7.168,3,2,7.33,8.66,7.33,2.27832347544256,9.59487260997293
"162","C","CEC",12,6.248,3,2,7,8.42,7,2.2489460255901,8.95617050860877
"163","C","CEC",13,4.081,3,2,6.41,7.69,6.41,1.96558518750575,10.6754621537691
"164","C","CEC",14,3.58,3,2,6.03,7.29,6.03,1.81545946371684,7.88096200225141
"165","C","CEC",15,10.427,3,2,8.65,10.21,8.65,2.65179741927286,9.79526472229476
"166","C","CEC",16,4.004,3,2,6.36,7.53,6.36,1.83349370261399,13.2703280853561
"167","C","CEC",17,10.11,3,2,8.11,9.73,8.11,2.67295067432513,9.99958266388082
"168","C","CEC",18,3.544,3,2,6.02,7.25,6.02,1.85150262089106,9.60654630358841
"169","C","CEC",19,5.026,3,2,6.44,7.8,6.44,2.04440403740751,9.74827308670415
"170","C","CEC",20,7.127,3,2,7.63,9.14,7.63,2.46204656105935,12.7185618196591
"171","C","CEC",21,5.903,3,2,7.28,8.8,7.28,2.29777930780928,15.1227792513637
"172","C","CEC",22,9.471,3,2,8.05,9.55,8.05,2.65602034896318,8.45015795392475
"173","C","CEC",23,4.92,3,2,6.8,8.12,6.8,2.00001341268324,10.7862013288189
"174","C","CEC",24,3.676,3,2,5.85,7.05,5.85,1.84133807194235,11.696613317513
"175","C","CEC",25,8.225,3,2,7.71,9.24,7.71,2.45583170205455,11.0996700753235
"176","C","CEC",26,7.771,3,2,7.83,9.33,7.83,2.4921541811786,10.1807682715498
"177","C","CEC",27,4.045,3,2,6.12,7.39,6.12,1.86862609223841,8.51879077018238
"178","C","CEC",28,7.521,3,2,7.91,9.4,7.91,2.3442310598373,7.83889278743964
"179","C","CEC",29,3.765,3,2,6.12,7.24,6.12,1.84227794770014,9.87121106925828
"180","C","CEC",30,2.896,3,2,5.8,6.99,5.8,1.77367238194751,8.91289687050801
"181","C","MSK",31,16.013,4,7,9.4,11.12,9.4,3.11202794124751,8.02968561408747
"182","C","MSK",32,8.911,4,7,7.87,9.17,7.87,2.43011417046953,10.544432516095
"183","C","MSK",33,6.569,4,7,7.65,9.11,7.65,2.29901828890234,11.5695546130336
"184","C","MSK",34,12.428,4,7,8.62,10.14,8.62,2.8366567476122,9.09246057618116
"185","C","MSK",35,4.231,4,7,6.18,7.34,6.18,1.93726527259031,9.03886560780805
"186","C","MSK",36,2.377,4,7,5.16,6.18,5.16,1.59247846903305,10.4732790391358
"187","C","MSK",37,3.77,4,7,5.99,7.09,5.99,1.78101335551434,9.41818010767057
"188","C","MSK",38,17.21,4,7,9.34,10.98,9.34,3.00157120395068,9.16213479765534
"189","C","MSK",39,9.064,4,7,8.1,9.51,8.1,2.55923616104873,12.0673322554547
"190","C","MSK",40,7.509,4,7,7.13,8.4,7.13,2.36873526655323,8.00683436236327
"191","C","MSK",41,5.383,4,7,6.89,8.2,6.89,2.01281953261351,10.4797166669491
"192","C","MSK",42,5.183,4,7,6.51,7.68,6.51,1.9852528373564,9.86361577761801
"193","C","MSK",43,7.267,4,7,7.68,9.05,7.68,2.42131455990862,8.92623384199305
"194","C","MSK",44,2.901,4,7,5.81,6.92,5.81,1.84308487519366,8.38581002492809
"195","C","MSK",45,5.1,4,7,7.07,8.33,7.07,2.07529434874619,11.770900537428
"196","C","MSK",46,15.451,4,7,9.61,11.18,9.61,2.9989254888435,8.8685750121192
"197","C","MSK",47,6.502,4,7,7.25,8.42,7.25,2.15223272270117,11.4033192272251
"198","C","MSK",48,5.876,4,7,6.91,8.17,6.91,2.13971852644901,8.21384598407416
"199","C","MSK",49,5.846,4,7,6.99,8.3,6.99,2.22618063040712,8.8600031273534
"200","C","MSK",50,16.684,4,7,9.16,10.87,9.16,2.91801939308985,10.2791642028391
"201","C","MSK",51,23.029,4,7,10.78,12.26,10.78,3.32459194301843,10.0168837412989
"202","C","MSK",52,4.08,4,7,6.25,7.51,6.25,1.7944150952055,11.5185845666228
"203","C","MSK",53,10.333,4,7,7.68,9.23,7.68,2.47193774388744,9.34496757635038
"204","C","MSK",54,9.526,4,7,8.41,9.92,8.41,2.63832681838668,8.09557150754044
"205","C","MSK",55,9.293,4,7,7.94,9.47,7.94,2.37717888033541,11.1823625882384
"206","C","MSK",56,7.225,4,7,7.03,8.42,7.03,2.23633909547385,11.0962309975309
"207","C","MSK",57,4.048,4,7,6.28,7.39,6.28,1.91240313969515,8.45780757953593
"208","C","MSK",58,3.067,4,7,5.82,6.82,5.82,1.72809177476839,10.8890180906751
"209","C","MSK",59,6.713,4,7,7.02,8.33,7.02,2.19129316712146,8.57990522152772
"210","C","MSK",60,4.097,4,7,6.54,7.81,6.54,1.95490567574217,8.0002707310593
"211","C","CEC",1,3.545,4,7,5.75,7.09,5.75,1.82840070046648,13.2904854451904
"212","C","CEC",2,6.987,4,7,7.52,9.04,7.52,2.39568987065219,10.873943145715
"213","C","CEC",3,10.12,4,7,8.29,9.79,8.29,2.60035036775143,10.5194597710244
"214","C","CEC",4,4.561,4,7,6.55,7.78,6.55,2.02700803158042,12.1963004043648
"215","C","CEC",5,4.436,4,7,6.42,7.67,6.42,2.06382030807022,8.74058303001637
"216","C","CEC",6,7.103,4,7,7.61,9.07,7.61,2.3379637475396,7.18010757198305
"217","C","CEC",7,4.927,4,7,6.66,8,6.66,2.07354985261847,8.19747138266906
"218","C","CEC",8,4.682,4,7,6.67,7.97,6.67,2.03667361597292,13.1987901471928
"219","C","CEC",9,10.805,4,7,8.74,10.4,8.74,2.68133583531895,11.3807137545683
"220","C","CEC",10,3.132,4,7,5.7,6.9,5.7,1.76478014534962,10.1868259082593
"221","C","CEC",11,7.12,4,7,7.4,8.73,7.4,2.27361774545249,9.59770593632276
"222","C","CEC",12,6.202,4,7,7.02,8.43,7.02,2.22217704204581,9.041833857589
"223","C","CEC",13,4.02,4,7,6.41,7.67,6.41,1.97550636306057,10.5700316598154
"224","C","CEC",14,3.604,4,7,6.06,7.36,6.06,1.79907550603051,7.87544445372675
"225","C","CEC",15,10.146,4,7,8.59,10.2,8.59,2.67145278410382,9.77198563437027
"226","C","CEC",16,3.917,4,7,6.32,7.5,6.32,1.82222900099994,13.2341906460222
"227","C","CEC",17,9.856,4,7,8.16,9.85,8.16,2.63915752294706,9.93058904334548
"228","C","CEC",18,3.467,4,7,6.17,7.34,6.17,1.85674154396105,9.62743765939068
"229","C","CEC",19,5.051,4,7,6.46,7.78,6.46,2.07144547210642,9.68042266312848
"230","C","CEC",20,7.013,4,7,7.67,9.12,7.67,2.40768485123166,12.6871491391165
"231","C","CEC",21,5.783,4,7,7.31,8.81,7.31,2.27738938661314,15.0586900141839
"232","C","CEC",22,9.343,4,7,8.12,9.67,8.12,2.58711192450729,8.45201268032573
"233","C","CEC",23,4.894,4,7,6.76,8.13,6.76,1.99241288029779,10.6917595441972
"234","C","CEC",24,3.646,4,7,5.84,7.04,5.84,1.82788543141959,11.6997561156906
"235","C","CEC",25,8.02,4,7,7.86,9.34,7.86,2.41299149673127,11.138805251108
"236","C","CEC",26,7.661,4,7,7.91,9.44,7.91,2.47978838427732,10.1285204713458
"237","C","CEC",27,4.006,4,7,6.12,7.34,6.12,1.83063895904676,8.43142953798409
"238","C","CEC",28,7.369,4,7,7.94,9.39,7.94,2.28175561965261,7.86457988842018
"239","C","CEC",29,3.727,4,7,6.08,7.26,6.08,1.85913897253189,9.88988008012404
"240","C","CEC",30,2.889,4,7,5.88,7.04,5.88,1.77371868699429,8.86516858381704
"241","C","MSK",31,15.734,5,14,9.42,11.1,9.42,3.07441169514214,8.08622992546461
"242","C","MSK",32,8.781,5,14,7.73,9.12,7.73,2.42295383877993,10.6210200812971
"243","C","MSK",33,6.571,5,14,7.63,9.15,7.63,2.30973208890575,11.5421765405941
"244","C","MSK",34,12.284,5,14,8.58,10.09,8.58,2.80513135141522,9.15777059532189
"245","C","MSK",35,4.217,5,14,6.16,7.27,6.16,1.90483580035981,9.04672836733284
"246","C","MSK",36,2.439,5,14,5.14,6.1,5.14,1.56416470661952,10.555212106614
"247","C","MSK",37,3.779,5,14,5.97,7.1,5.97,1.77317009236054,9.43441173276682
"248","C","MSK",38,16.807,5,14,9.34,10.94,9.34,2.93108284879832,9.16792259544842
"249","C","MSK",39,8.882,5,14,8.05,9.51,8.05,2.55253651372682,12.0794153928646
"250","C","MSK",40,7.449,5,14,7.05,8.4,7.05,2.34047017196647,7.99590346728078
"251","C","MSK",41,5.33,5,14,6.84,8.2,6.84,1.98053873430819,10.4515644481267
"252","C","MSK",42,5.133,5,14,6.5,7.62,6.5,1.88819903638709,9.99242108981248
"253","C","MSK",43,7.186,5,14,7.7,9.11,7.7,2.40440024062575,8.98262608535732
"254","C","MSK",44,2.925,5,14,5.77,6.88,5.77,1.81215526872874,8.32700560520535
"255","C","MSK",45,5.029,5,14,6.93,8.27,6.93,2.07015106388771,11.7402647696983
"256","C","MSK",46,15.261,5,14,9.55,11.14,9.55,2.97794975874924,8.82570014518409
"257","C","MSK",47,6.461,5,14,7.12,8.4,7.12,2.12094374861713,11.4528451411417
"258","C","MSK",48,5.765,5,14,6.95,8.14,6.95,2.13093065812198,8.20321564753555
"259","C","MSK",49,5.879,5,14,7.09,8.22,7.09,2.17951026322742,8.88205998816641
"260","C","MSK",50,16.411,5,14,9.14,10.8,9.14,2.89871109955541,10.3241446130336
"261","C","MSK",51,22.359,5,14,10.75,12.33,10.75,3.34301195791121,9.92405764824955
"262","C","MSK",52,4.07,5,14,6.2,7.4,6.2,1.76633467216179,11.4481519579855
"263","C","MSK",53,10.181,5,14,7.68,9.18,7.68,2.47637313774546,9.27920218629262
"264","C","MSK",54,9.501,5,14,8.42,9.91,8.42,2.63796980855775,8.09141274399034
"265","C","MSK",55,9.193,5,14,7.82,9.41,7.82,2.347392105385,10.9906626201589
"266","C","MSK",56,7.178,5,14,7.06,8.41,7.06,2.25056135494497,11.0219947714161
"267","C","MSK",57,4,5,14,6.61,7.31,6.61,1.9055699021203,8.54066670387544
"268","C","MSK",58,3.027,5,14,5.8,6.74,5.8,1.75376801508468,10.8005470549078
"269","C","MSK",59,6.633,5,14,7.03,8.29,7.03,2.15671092303057,8.56364537276016
"270","C","MSK",60,4.077,5,14,6.46,7.75,6.46,1.9497842619953,7.93852594562965
"271","C","CEC",1,3.524,5,14,5.77,7.07,5.77,1.81763303776351,13.3624494418311
"272","C","CEC",2,6.86,5,14,7.5,9.02,7.5,2.31989846469039,10.8577153737477
"273","C","CEC",3,9.914,5,14,8.27,9.84,8.27,2.57977352830201,10.5252986710579
"274","C","CEC",4,4.477,5,14,6.5,7.77,6.5,2.00806822765833,12.168193206817
"275","C","CEC",5,4.401,5,14,6.35,7.58,6.35,2.03437718706845,8.74492450981618
"276","C","CEC",6,6.99,5,14,7.58,9.1,7.58,2.30020789630073,7.12237257916081
"277","C","CEC",7,4.831,5,14,6.64,7.93,6.64,2.04126200077238,8.20278335614354
"278","C","CEC",8,4.623,5,14,6.65,7.91,6.65,2.02973154275033,13.2124899707561
"279","C","CEC",9,10.655,5,14,8.66,10.41,8.66,2.69908134768862,11.3444139162178
"280","C","CEC",10,3.104,5,14,5.78,6.88,5.78,1.74924826635831,10.1754860773683
"281","C","CEC",11,6.961,5,14,7.35,8.65,7.35,2.27638098200528,9.6325280059717
"282","C","CEC",12,6.11,5,14,6.99,8.33,6.99,2.25113997871219,9.05766225687133
"283","C","CEC",13,3.966,5,14,6.35,7.64,6.35,1.94774264247767,10.6309091559996
"284","C","CEC",14,3.563,5,14,6,7.25,6,1.8119322013527,7.81993715806883
"285","C","CEC",15,9.986,5,14,8.53,10.06,8.53,2.66323956811929,9.71475229230376
"286","C","CEC",16,3.857,5,14,6.28,7.45,6.28,1.83977755338181,13.2630332988864
"287","C","CEC",17,9.684,5,14,8.08,9.75,8.08,2.65129857107743,9.93097587947389
"288","C","CEC",18,3.465,5,14,5.98,7.2,5.98,1.85244176743105,9.62242852542801
"289","C","CEC",19,5.027,5,14,6.42,7.76,6.42,2.09662055443791,9.72804381183922
"290","C","CEC",20,6.87,5,14,7.57,9.01,7.57,2.43601664887148,12.7032931671547
"291","C","CEC",21,5.753,5,14,7.23,8.74,7.23,2.26138084425569,15.0525265965082
"292","C","CEC",22,9.16,5,14,8.01,9.5,8.01,2.61834654748095,8.40080615948954
"293","C","CEC",23,4.84,5,14,6.71,8.06,6.71,1.9781596514238,10.6024946085093
"294","C","CEC",24,3.593,5,14,5.8,7.01,5.8,1.81982223646189,11.7700683234463
"295","C","CEC",25,7.94,5,14,7.75,9.3,7.75,2.40650375178034,11.0625378797536
"296","C","CEC",26,7.533,5,14,7.84,9.36,7.84,2.47854648153919,10.1234314004001
"297","C","CEC",27,3.983,5,14,6.1,7.32,6.1,1.82345960334073,8.44768252714183
"298","C","CEC",28,7.379,5,14,7.86,9.34,7.86,2.29105376962792,7.80954746500671
"299","C","CEC",29,3.691,5,14,6.06,7.23,6.06,1.86613964596222,9.89126282161107
"300","C","CEC",30,2.853,5,14,5.81,6.95,5.81,1.75284722913523,8.87401598465502
"301","C","MSK",31,15.564,6,21,9.45,11.11,9.45,3.1078316839443,8.05169162291197
"302","C","MSK",32,8.747,6,21,7.74,9.12,7.74,2.43796400937732,10.5669891538597
"303","C","MSK",33,6.54,6,21,7.69,9.18,7.69,2.31052500928355,11.5927378158491
"304","C","MSK",34,12.044,6,21,8.6,10.12,8.6,2.8428927414894,9.15122123339157
"305","C","MSK",35,4.19,6,21,6.17,7.31,6.17,1.9096770359673,9.09150404576121
"306","C","MSK",36,2.409,6,21,5.16,6.12,5.16,1.56564296537422,10.5332975616246
"307","C","MSK",37,3.765,6,21,5.94,7.1,5.94,1.7833665003242,9.43511669310039
"308","C","MSK",38,16.586,6,21,9.34,10.97,9.34,2.99757967345671,9.10607581173286
"309","C","MSK",39,8.681,6,21,8.08,9.51,8.08,2.57376754211411,12.0661075256639
"310","C","MSK",40,7.341,6,21,7.08,8.42,7.08,2.33820979824243,8.00621287537787
"311","C","MSK",41,5.27,6,21,6.85,8.23,6.85,2.03985835073706,10.4576794894895
"312","C","MSK",42,5.1,6,21,6.5,7.66,6.5,1.94975978516468,9.89335101503621
"313","C","MSK",43,7.109,6,21,7.72,9.06,7.72,2.40564376970051,8.9027663874573
"314","C","MSK",44,2.917,6,21,5.77,6.89,5.77,1.81280260983909,8.3215736523615
"315","C","MSK",45,5.017,6,21,6.95,8.26,6.95,2.07775577926148,11.7370189805476
"316","C","MSK",46,15.03,6,21,9.58,11.16,9.58,2.97671376185485,8.76701212204825
"317","C","MSK",47,6.419,6,21,7.12,8.43,7.12,2.14352722310658,11.4263524902296
"318","C","MSK",48,5.657,6,21,6.96,8.15,6.96,2.08147949982704,8.13791107128905
"319","C","MSK",49,5.705,6,21,6.98,8.26,6.98,2.17611037555584,8.89096484519624
"320","C","MSK",50,16.066,6,21,9.14,10.81,9.14,2.91734984679435,10.1815622883178
"321","C","MSK",51,21.915,6,21,10.81,12.36,10.81,3.32663104263709,9.96132742185524
"322","C","MSK",52,4.028,6,21,6.23,7.42,6.23,1.82930620588779,11.4376062960739
"323","C","MSK",53,10.053,6,21,7.7,9.2,7.7,2.45629445889168,9.30404742422414
"324","C","MSK",54,9.28,6,21,8.44,9.92,8.44,2.63377331213156,8.03025178154498
"325","C","MSK",55,9.07,6,21,7.88,9.42,7.88,2.37558830474063,10.958144779816
"326","C","MSK",56,7.05,6,21,7.08,8.45,7.08,2.23030124719192,11.0301877785409
"327","C","MSK",57,3.912,6,21,6.25,7.33,6.25,1.90970535322289,8.55298935954124
"328","C","MSK",58,2.996,6,21,5.83,6.79,5.83,1.72917862947432,10.7761790497635
"329","C","MSK",59,6.487,6,21,7.06,8.29,7.06,2.18670439370866,8.53861748206595
"330","C","MSK",60,4.042,6,21,6.49,7.78,6.49,1.96457476520787,7.87981696351779
"331","C","CEC",1,3.525,6,21,5.74,7.07,5.74,1.84530837509117,13.321382010511
"332","C","CEC",2,6.826,6,21,7.55,9.05,7.55,2.33307484676219,10.7316169768824
"333","C","CEC",3,9.799,6,21,8.3,9.85,8.3,2.58312564834804,10.5507619455429
"334","C","CEC",4,4.502,6,21,6.53,7.75,6.53,2.04883034135326,12.1817827863654
"335","C","CEC",5,4.356,6,21,6.38,7.61,6.38,2.0245278325221,8.72272535005393
"336","C","CEC",6,6.924,6,21,7.56,9.09,7.56,2.29618254902111,7.10295633831026
"337","C","CEC",7,4.79,6,21,6.64,7.96,6.64,2.05701329548716,8.15043584167782
"338","C","CEC",8,4.568,6,21,6.66,7.93,6.66,2.01950254997814,13.1114750939188
"339","C","CEC",9,10.464,6,21,8.7,10.41,8.7,2.69610198482126,11.3683994619727
"340","C","CEC",10,3.047,6,21,5.77,6.9,5.77,1.77780638465372,10.1838900567892
"341","C","CEC",11,6.903,6,21,7.37,8.65,7.37,2.25995688216963,9.53512252861862
"342","C","CEC",12,6.026,6,21,7,8.38,7,2.25865956423416,8.9820532591967
"343","C","CEC",13,3.975,6,21,6.38,7.66,6.38,1.9873105845369,10.5429716723033
"344","C","CEC",14,3.53,6,21,6.04,7.29,6.04,1.79141587777894,7.81643852485964
"345","C","CEC",15,9.797,6,21,8.54,10.06,8.54,2.6825603748804,9.65930880704441
"346","C","CEC",16,3.823,6,21,6.26,7.42,6.26,1.83174834675804,13.242983292907
"347","C","CEC",17,9.53,6,21,8.04,9.75,8.04,2.65556776205343,9.95319608227361
"348","C","CEC",18,3.446,6,21,6.01,7.2,6.01,1.87670634161258,9.60007077063857
"349","C","CEC",19,4.881,6,21,6.45,7.77,6.45,2.04516502929279,9.67105507827488
"350","C","CEC",20,6.741,6,21,7.54,9.01,7.54,2.44557838642151,12.6676129538108
"351","C","CEC",21,5.674,6,21,7.28,8.76,7.28,2.26941024272627,15.0016204183959
"352","C","CEC",22,9.034,6,21,8.07,9.54,8.07,2.64290213033209,8.33585163089828
"353","C","CEC",23,4.799,6,21,6.77,8.08,6.77,2.01346661019377,10.6061690855461
"354","C","CEC",24,3.534,6,21,5.8,7,5.8,1.82775265460891,11.7387895746653
"355","C","CEC",25,7.771,6,21,7.77,9.31,7.77,2.40705720884811,11.0501537696764
"356","C","CEC",26,7.444,6,21,7.88,9.39,7.88,2.48313188435711,10.1361950077317
"357","C","CEC",27,3.978,6,21,6.14,7.34,6.14,1.84399335584171,8.33940186981069
"358","C","CEC",28,7.3,6,21,7.9,9.34,7.9,2.35423813850499,7.82568732712569
"359","C","CEC",29,3.64,6,21,6.08,7.22,6.08,1.85960559452731,9.87331177531494
"360","C","CEC",30,2.814,6,21,5.83,6.96,5.83,1.76232720103129,8.87996169459232
"361","C","MSK",31,15.166,7,28,9.41,11.09,9.41,3.12072126085308,8.05416326354793
"362","C","MSK",32,8.52,7,28,7.79,9.13,7.79,2.41507494337906,10.5747678395999
"363","C","MSK",33,6.44,7,28,7.65,9.05,7.65,2.28985003259333,11.543422341442
"364","C","MSK",34,12.01,7,28,8.58,10.08,8.58,2.81075047004464,9.13336560071756
"365","C","MSK",35,4.143,7,28,6.21,7.29,6.21,1.89670120618635,9.00881130522329
"366","C","MSK",36,2.34,7,28,5.18,6.15,5.18,1.54869959863225,10.4991166050078
"367","C","MSK",37,3.692,7,28,5.98,7.04,5.98,1.77538853671638,9.38522240352006
"368","C","MSK",38,16.267,7,28,9.31,10.9,9.31,2.97718094740924,9.09083852723339
"369","C","MSK",39,8.66,7,28,8.05,9.49,8.05,2.58098947788796,12.0338711466875
"370","C","MSK",40,7.226,7,28,7.11,8.42,7.11,2.33840459720372,8.00568393840723
"371","C","MSK",41,5.223,7,28,6.89,8.2,6.89,2.04001954937607,10.3846345838659
"372","C","MSK",42,5.056,7,28,6.47,7.63,6.47,1.89884850913161,9.91307897815433
"373","C","MSK",43,6.98,7,28,7.64,9.06,7.64,2.35644946607429,8.90419352244373
"374","C","MSK",44,2.832,7,28,5.79,6.87,5.79,1.79479827210164,8.29531857190366
"375","C","MSK",45,5.006,7,28,6.96,8.3,6.96,2.05826431206458,11.6870009680352
"376","C","MSK",46,14.929,7,28,9.51,11.14,9.51,2.93606352630686,8.86928321755401
"377","C","MSK",47,6.334,7,28,7.14,8.4,7.14,2.12402491624479,11.4321249813146
"378","C","MSK",48,5.652,7,28,6.91,8.16,6.91,2.04926645735032,8.12732894859814
"379","C","MSK",49,5.662,7,28,6.93,8.2,6.93,2.14726147524938,8.90120500768665
"380","C","MSK",50,15.818,7,28,9.08,10.78,9.08,2.80985424139628,10.0664035312691
"381","C","MSK",51,21.512,7,28,10.57,12.19,10.57,3.29520797024238,9.90909799497796
"382","C","MSK",52,3.94,7,28,6.18,7.4,6.18,1.80825398760259,11.3876638580346
"383","C","MSK",53,9.987,7,28,7.66,9.12,7.66,2.43116100462555,9.29549942055058
"384","C","MSK",54,9.191,7,28,8.4,9.87,8.4,2.62212286395369,8.1016566781464
"385","C","MSK",55,8.91,7,28,7.88,9.39,7.88,2.3360785753542,10.9323461763566
"386","C","MSK",56,6.948,7,28,7.1,8.47,7.1,2.17766132722506,11.0332740555823
"387","C","MSK",57,3.893,7,28,6.17,7.31,6.17,1.89780671648269,8.55639764939802
"388","C","MSK",58,2.921,7,28,5.77,6.75,5.77,1.74375833347148,10.6928925787606
"389","C","MSK",59,6.337,7,28,6.97,8.26,6.97,2.17242256370686,8.48542242347345
"390","C","MSK",60,3.948,7,28,6.43,7.75,6.43,1.9177987829907,7.91021276729398
"391","C","CEC",1,3.44,7,28,5.75,7.06,5.75,1.7802394334442,13.3210438245449
"392","C","CEC",2,6.715,7,28,7.53,9.03,7.53,2.32407553201263,10.7382334721446
"393","C","CEC",3,9.671,7,28,8.28,9.88,8.28,2.54510763012691,10.5655086435326
"394","C","CEC",4,4.414,7,28,6.52,7.78,6.52,2.02006822839191,12.1633700150571
"395","C","CEC",5,4.278,7,28,6.35,7.61,6.35,2.03542246451462,8.76005893708017
"396","C","CEC",6,6.831,7,28,7.62,9.09,7.62,2.30466280326529,7.17632291899025
"397","C","CEC",7,4.7,7,28,6.7,8,6.7,2.046702259845,8.13081926209563
"398","C","CEC",8,4.555,7,28,6.63,7.93,6.63,2.00638536902188,13.1419677054833
"399","C","CEC",9,10.223,7,28,8.7,10.34,8.7,2.66997640821294,11.3768393541899
"400","C","CEC",10,3.032,7,28,5.73,6.9,5.73,1.79835122745113,10.1499432887517
"401","C","CEC",11,6.727,7,28,7.34,8.64,7.34,2.27205719002341,9.62935396816542
"402","C","CEC",12,5.913,7,28,7.03,8.42,7.03,2.22192632064684,8.96783503205908
"403","C","CEC",13,3.945,7,28,6.4,7.63,6.4,1.97960040089592,10.5358898641153
"404","C","CEC",14,3.515,7,28,6.04,7.28,6.04,1.77933691807371,7.82653521694106
"405","C","CEC",15,9.714,7,28,8.56,10.03,8.56,2.67592469094149,9.69835463152956
"406","C","CEC",16,3.805,7,28,6.29,7.49,6.29,1.8633128535625,13.1825696514942
"407","C","CEC",17,9.293,7,28,8.11,9.82,8.11,2.65122562434268,9.89932431053244
"408","C","CEC",18,3.404,7,28,6.02,7.22,6.02,1.86860654742309,9.58541729348989
"409","C","CEC",19,4.86,7,28,6.37,7.77,6.37,2.060736101533,9.69683550064206
"410","C","CEC",20,6.66,7,28,7.51,8.98,7.51,2.45058820605104,12.6208760515877
"411","C","CEC",21,5.585,7,28,7.27,8.73,7.27,2.26682486828324,14.9103532089436
"412","C","CEC",22,8.892,7,28,8.1,9.62,8.1,2.60111835196136,8.40777484467416
"413","C","CEC",23,4.712,7,28,6.76,8.09,6.76,1.98996358165665,10.5980398112172
"414","C","CEC",24,3.495,7,28,5.83,7.02,5.83,1.82459489475864,11.7167626551452
"415","C","CEC",25,7.815,7,28,7.72,9.29,7.72,2.39245385049432,11.0568189341538
"416","C","CEC",26,7.364,7,28,7.88,9.36,7.88,2.47501655920226,10.1395992226261
"417","C","CEC",27,3.901,7,28,6.17,7.38,6.17,1.85807649077883,8.35469251095408
"418","C","CEC",28,7.088,7,28,7.88,9.32,7.88,2.37184017339341,7.80201258237078
"419","C","CEC",29,3.592,7,28,6.04,7.22,6.04,1.85870228052662,9.86040304963033
"420","C","CEC",30,2.779,7,28,5.83,6.97,5.83,1.77263954681471,8.8301135454912
"421","C","MSK",31,15.31,8,35,9.45,11.14,9.45,3.10050654566369,8.03126047464111
"422","C","MSK",32,8.624,8,35,7.77,9.12,7.77,2.44220413079524,10.5274859580183
"423","C","MSK",33,6.403,8,35,7.7,9.08,7.7,2.29400105792746,11.4803947356758
"424","C","MSK",34,11.908,8,35,8.67,10.14,8.67,2.81028804313503,9.12862473915906
"425","C","MSK",35,4.127,8,35,6.24,7.3,6.24,1.9118510156545,8.98975949186909
"426","C","MSK",36,2.36,8,35,5.18,6.17,5.18,1.57402183640878,10.4275585614735
"427","C","MSK",37,3.689,8,35,6.02,7.04,6.02,1.77984081435184,9.40656886153611
"428","C","MSK",38,16.224,8,35,9.28,10.93,9.28,2.98629072634756,9.08042220477615
"429","C","MSK",39,8.629,8,35,8.06,9.51,8.06,2.55559917290075,12.0634402614741
"430","C","MSK",40,7.243,8,35,7.11,8.38,7.11,2.33832255632893,7.98130317679047
"431","C","MSK",41,5.193,8,35,6.88,8.16,6.88,2.0466225549899,10.4024570210212
"432","C","MSK",42,4.939,8,35,6.96,7.71,6.96,1.93207536216904,9.88489699438847
"433","C","MSK",43,7.03,8,35,7.67,9.01,7.67,2.39181713455306,8.92689592215044
"434","C","MSK",44,2.853,8,35,5.8,6.87,5.8,1.83457687962478,8.28628382191059
"435","C","MSK",45,4.95,8,35,7.07,8.29,7.07,2.07765366652547,11.6565848525921
"436","C","MSK",46,14.755,8,35,9.52,11.1,9.52,2.91267971482937,8.88089597106173
"437","C","MSK",47,6.337,8,35,7.16,8.38,7.16,2.12590781443734,11.4285155175933
"438","C","MSK",48,5.637,8,35,6.99,8.14,6.99,2.1194815489124,8.16906802985384
"439","C","MSK",49,5.699,8,35,6.99,8.23,6.99,2.1525702429679,8.86203055271722
"440","C","MSK",50,15.767,8,35,9.13,10.76,9.13,2.83249540821298,10.172190979031
"441","C","MSK",51,20.7,8,35,10.8,12.36,10.8,3.31979222238299,9.90377776621336
"442","C","MSK",52,3.959,8,35,6.22,7.44,6.22,1.77013025525941,11.3523107363522
"443","C","MSK",53,9.995,8,35,7.64,9.1,7.64,2.45455592345302,9.23465133155099
"444","C","MSK",54,9.211,8,35,8.46,9.94,8.46,2.61515652561332,8.07931652368419
"445","C","MSK",55,8.95,8,35,7.92,9.42,7.92,2.33975491638431,10.8998179976624
"446","C","MSK",56,6.982,8,35,7.11,8.49,7.11,2.23669827263214,10.975440236279
"447","C","MSK",57,3.884,8,35,6.2,7.32,6.2,1.89189331957801,8.50113420341691
"448","C","MSK",58,2.976,8,35,5.79,6.77,5.79,1.75438034015967,10.7091030961167
"449","C","MSK",59,6.317,8,35,7.06,8.34,7.06,2.16398014231282,8.53684775252717
"450","C","MSK",60,4.091,8,35,6.56,7.8,6.56,1.89516891734584,7.96191152590672
"451","C","CEC",1,3.503,8,35,5.79,7.05,5.79,1.76522274331925,13.3338960682219
"452","C","CEC",2,6.813,8,35,7.54,8.97,7.54,2.36358471632526,10.8655877337376
"453","C","CEC",3,9.716,8,35,8.25,9.8,8.25,2.60276191450914,10.5205605001572
"454","C","CEC",4,4.451,8,35,6.55,7.72,6.55,2.03639324297745,12.1774268405803
"455","C","CEC",5,4.312,8,35,6.37,7.61,6.37,2.02343673132277,8.74700577199703
"456","C","CEC",6,6.852,8,35,7.62,9.03,7.62,2.3271202419541,7.16610216021811
"457","C","CEC",7,4.747,8,35,6.65,7.93,6.65,2.08422399946799,8.11658485728857
"458","C","CEC",8,4.573,8,35,6.61,7.9,6.61,2.0153678245417,13.0573966936594
"459","C","CEC",9,10.328,8,35,8.74,10.38,8.74,2.69116484886673,11.3331245962731
"460","C","CEC",10,2.994,8,35,5.71,6.86,5.71,1.79236213059682,10.1582498697798
"461","C","CEC",11,6.753,8,35,7.41,8.72,7.41,2.28360033998921,9.51924586680495
"462","C","CEC",12,5.99,8,35,7.02,8.38,7.02,2.25236541939682,8.99426677852533
"463","C","CEC",13,3.894,8,35,6.48,7.69,6.48,2.00490502799888,10.4450857461179
"464","C","CEC",14,3.501,8,35,6.03,7.28,6.03,1.8119085385553,7.83895878224787
"465","C","CEC",15,9.746,8,35,8.47,9.97,8.47,2.6653049290811,9.75870192055524
"466","C","CEC",16,3.808,8,35,6.34,7.47,6.34,1.84452933405112,13.1037547686981
"467","C","CEC",17,9.413,8,35,8.12,9.8,8.12,2.66980389694349,9.8729698015874
"468","C","CEC",18,3.396,8,35,6.03,7.25,6.03,1.86428155088074,9.58643548008836
"469","C","CEC",19,4.86,8,35,6.38,7.79,6.38,2.07841360989278,9.6654340209041
"470","C","CEC",20,6.64,8,35,7.57,9,7.57,2.41774982973983,12.6234714964739
"471","C","CEC",21,5.611,8,35,7.26,8.74,7.26,2.29191432752277,14.9071321461121
"472","C","CEC",22,8.886,8,35,8.16,9.56,8.16,2.64279418102135,8.39344902861935
"473","C","CEC",23,4.728,8,35,6.74,8.05,6.74,1.99148599429613,10.5496336083075
"474","C","CEC",24,3.515,8,35,5.86,7.02,5.86,1.82154259952283,11.7244041516622
"475","C","CEC",25,7.812,8,35,7.71,9.27,7.71,2.40394283414027,11.054245642061
"476","C","CEC",26,7.414,8,35,7.85,9.31,7.85,2.49240327564095,10.1358171254159
"477","C","CEC",27,3.93,8,35,6.15,7.34,6.15,1.84027666050916,8.35114940150542
"478","C","CEC",28,7.06,8,35,7.91,9.35,7.91,2.42021765041519,7.82778935226526
"479","C","CEC",29,3.575,8,35,6.11,7.26,6.11,1.87152161559603,9.8889946335305
"480","C","CEC",30,2.793,8,35,5.82,6.96,5.82,1.75344066134185,8.9274423705029
"481","C","MSK",31,15.1,9,42,9.42,11.06,9.42,3.10325344731314,8.04801386936952
"482","C","MSK",32,8.432,9,42,7.75,9.08,7.75,2.46591232250762,10.5216000102209
"483","C","MSK",33,6.424,9,42,7.74,9.08,7.74,2.28312832013863,11.4738435058292
"484","C","MSK",34,11.812,9,42,8.61,10.15,8.61,2.81028804313503,9.13147856357259
"485","C","MSK",35,4.148,9,42,6.24,7.28,6.24,1.91624079137208,9.00113464556907
"486","C","MSK",36,2.352,9,42,5.18,6.17,5.18,1.55875688896433,10.4011421290661
"487","C","MSK",37,3.662,9,42,5.93,7,5.93,1.78722321168285,9.39725579237356
"488","C","MSK",38,16.061,9,42,9.36,10.93,9.36,2.99607120523747,9.10236744828734
"489","C","MSK",39,8.62,9,42,8.06,9.46,8.06,2.5674540529624,12.0767968549614
"490","C","MSK",40,7.292,9,42,7.09,8.38,7.09,2.34694988034887,7.95586342855902
"491","C","MSK",41,5.13,9,42,6.96,8.23,6.96,2.02257879074979,10.4008839679883
"492","C","MSK",42,4.962,9,42,6.51,7.67,6.51,1.96020082086614,9.91785651888557
"493","C","MSK",43,6.99,9,42,7.65,9.04,7.65,2.42564844128381,8.84604311844018
"494","C","MSK",44,2.76,9,42,5.76,6.96,5.76,1.79401881367611,8.30424633181977
"495","C","MSK",45,4.889,9,42,7,8.29,7,2.07428544792066,11.5535796002413
"496","C","MSK",46,14.85,9,42,9.53,11.1,9.53,2.90725470984021,8.74755842074728
"497","C","MSK",47,6.23,9,42,7.16,8.4,7.16,2.12679024882611,11.3384913731744
"498","C","MSK",48,5.52,9,42,6.95,8.09,6.95,2.11321281703169,8.16066690011999
"499","C","MSK",49,5.648,9,42,6.98,8.24,6.98,2.14653721942439,8.84908759798437
"500","C","MSK",50,15.715,9,42,9.08,10.74,9.08,2.82494075793661,10.1366043012813
"501","C","MSK",51,21.078,9,42,10.69,12.19,10.69,3.24923044214148,9.88710332595247
"502","C","MSK",52,3.968,9,42,6.24,7.44,6.24,1.82529134167782,11.4104398066294
"503","C","MSK",53,9.993,9,42,7.64,9.07,7.64,2.44320116854041,9.166023510118
"504","C","MSK",54,8.991,9,42,8.45,9.94,8.45,2.63351129364657,8.08270585196618
"505","C","MSK",55,8.812,9,42,7.9,9.39,7.9,2.35867753870697,10.9000823931144
"506","C","MSK",56,6.022,9,42,7.12,8.46,7.12,2.2567483685271,10.9687151470454
"507","C","MSK",57,3.9,9,42,6.21,7.25,6.21,1.88894611154294,8.54939226127933
"508","C","MSK",58,2.927,9,42,5.76,6.73,5.76,1.74003445372409,10.7211872843305
"509","C","MSK",59,6.217,9,42,7.06,8.34,7.06,2.15519692844353,8.54560493783815
"510","C","MSK",60,3.986,9,42,6.53,7.76,6.53,1.93759739096174,7.96725551408571
"511","C","CEC",1,3.453,9,42,5.79,7.1,5.79,1.82898622820116,13.2860233935584
"512","C","CEC",2,6.74,9,42,7.53,9.01,7.53,2.36053271299743,10.798607889271
"513","C","CEC",3,9.572,9,42,8.24,9.74,8.24,2.61527113736542,10.5819136566755
"514","C","CEC",4,4.35,9,42,6.58,7.78,6.58,2.03255326168354,12.1601679898515
"515","C","CEC",5,4.286,9,42,6.4,7.6,6.4,2.02622953112481,8.74476258011073
"516","C","CEC",6,6.735,9,42,7.58,8.95,7.58,2.3219462082994,7.09927043609453
"517","C","CEC",7,4.659,9,42,6.69,7.96,6.69,2.07511031780305,8.09384817380815
"518","C","CEC",8,4.49,9,42,6.66,7.92,6.66,2.01775894778478,13.1910222712153
"519","C","CEC",9,10.23,9,42,8.37,10.38,8.37,2.69535454429752,11.3253038293724
"520","C","CEC",10,2.92,9,42,5.73,6.87,5.73,1.78919352316747,10.234807354214
"521","C","CEC",11,6.697,9,42,7.4,8.68,7.4,2.27095812871496,9.5641772553704
"522","C","CEC",12,5.894,9,42,7.03,8.4,7.03,2.23646981870014,9.02094035329734
"523","C","CEC",13,3.88,9,42,6.41,7.64,6.41,2.01639535960554,10.4918280901707
"524","C","CEC",14,3.42,9,42,6.04,7.28,6.04,1.78696431761398,7.82363213082224
"525","C","CEC",15,9.487,9,42,8.45,9.94,8.45,2.65847790046985,9.72927608206353
"526","C","CEC",16,3.776,9,42,6.31,7.46,6.31,1.85894069054805,13.2213549271533
"527","C","CEC",17,9.165,9,42,8.7,9.85,8.7,2.66347959449807,9.87738668890558
"528","C","CEC",18,3.342,9,42,6.05,7.19,6.05,1.88580771890906,9.60198702608787
"529","C","CEC",19,4.81,9,42,6.4,7.77,6.4,2.08368036737578,9.673622189259
"530","C","CEC",20,6.513,9,42,7.54,8.99,7.54,2.4064618818094,12.5802160916632
"531","C","CEC",21,5.541,9,42,7.22,8.74,7.22,2.28296039630754,14.9019395341566
"532","C","CEC",22,8.89,9,42,8.15,9.62,8.15,2.66771786336047,8.40882746881404
"533","C","CEC",23,4.706,9,42,6.73,8.03,6.73,1.99924383569392,10.5721984420904
"534","C","CEC",24,3.487,9,42,5.83,7.02,5.83,1.81383103776551,11.7198069351625
"535","C","CEC",25,7.764,9,42,7.73,9.27,7.73,2.44741851291481,11.0266938372647
"536","C","CEC",26,7.309,9,42,7.86,9.42,7.86,2.49851607628938,10.1701544470147
"537","C","CEC",27,3.856,9,42,6.17,7.4,6.17,1.8704005482787,8.37027584222114
"538","C","CEC",28,6.991,9,42,7.82,9.27,7.82,2.4009481780178,7.7685851540899
"539","C","CEC",29,3.57,9,42,6.1,7.24,6.1,1.87929876346802,9.9026385597355
"540","C","CEC",30,2.77,9,42,5.83,6.98,5.83,1.75987356509599,8.94904948778435
"541","C","MSK",31,15.03,10,49,9.41,11.08,9.41,3.10325344731314,8.04685989306191
"542","C","MSK",32,8.602,10,49,7.8,9.1,7.8,2.46963236991154,10.5022981612707
"543","C","MSK",33,6.407,10,49,7.7,9.1,7.7,2.28716837596699,11.4885633482272
"544","C","MSK",34,11.83,10,49,8.62,10.14,8.62,2.81357712196989,9.15093085558974
"545","C","MSK",35,4.135,10,49,6.2,7.28,6.2,1.91296798632672,8.99862793708391
"546","C","MSK",36,2.351,10,49,5.2,6.17,5.2,1.56074251491345,10.4072536135238
"547","C","MSK",37,3.642,10,49,5.96,7.04,5.96,1.78680773665971,9.39218068905018
"548","C","MSK",38,15.957,10,49,9.32,10.94,9.32,2.98843166798336,9.0832254121054
"549","C","MSK",39,8.625,10,49,8.09,9.46,8.09,2.5587682366387,12.0572728094228
"550","C","MSK",40,7.303,10,49,7.1,8.4,7.1,2.34618673614553,7.95188671589942
"551","C","MSK",41,5.133,10,49,6.96,8.23,6.96,2.0316085953019,10.4566261100267
"552","C","MSK",42,4.97,10,49,6.5,7.69,6.5,1.94844819969987,9.89141557946646
"553","C","MSK",43,6.983,10,49,7.68,9.04,7.68,2.41558372371084,8.82013429730861
"554","C","MSK",44,2.8,10,49,5.76,6.93,5.76,1.81957024589786,8.30594500645996
"555","C","MSK",45,4.87,10,49,7.02,8.3,7.02,2.07216038399133,11.6259936291496
"556","C","MSK",46,14.704,10,49,9.52,11.11,9.52,2.92318994852798,8.80901059638609
"557","C","MSK",47,6.258,10,49,7.14,8.37,7.14,2.11411263139088,11.3976644629417
"558","C","MSK",48,5.464,10,49,6.99,8.11,6.99,2.10059905698385,8.22663940652494
"559","C","MSK",49,5.623,10,49,6.98,8.25,6.98,2.13051661140446,8.86941974809011
"560","C","MSK",50,15.668,10,49,9.06,10.72,9.06,2.82480090137074,10.1141630073948
"561","C","MSK",51,20.786,10,49,10.68,12.2,10.68,3.26048020900798,9.90591283015095
"562","C","MSK",52,3.937,10,49,6.22,7.45,6.22,1.80616583666422,11.4535700030494
"563","C","MSK",53,10.024,10,49,7.68,9.1,7.68,2.46498602648836,9.29899713609235
"564","C","MSK",54,9.147,10,49,8.43,9.92,8.43,2.65592853733656,8.07009556401264
"565","C","MSK",55,8.81,10,49,7.9,9.38,7.9,2.37585644916034,10.9634963882365
"566","C","MSK",56,7.016,10,49,7.12,8.46,7.12,2.25233045401918,11.011154350082
"567","C","MSK",57,3.916,10,49,6.19,7.26,6.19,1.90628716052999,8.50694615210739
"568","C","MSK",58,2.955,10,49,5.78,6.74,5.78,1.73015691524674,10.7600651485253
"569","C","MSK",59,6.29,10,49,7.08,8.34,7.08,2.15164770854449,8.5273824524509
"570","C","MSK",60,3.908,10,49,6.5,7.77,6.5,1.96362420300157,7.91969051953759
"571","C","CEC",1,3.487,10,49,5.76,7.08,5.76,1.80091472652311,13.2741632671484
"572","C","CEC",2,6.77,10,49,7.5,8.97,7.5,2.34474356649697,10.8314234992544
"573","C","CEC",3,9.646,10,49,8.2,9.74,8.2,2.60485771201726,10.5810775614913
"574","C","CEC",4,4.39,10,49,6.54,7.76,6.54,2.03667643552951,12.1902243709344
"575","C","CEC",5,4.252,10,49,6.38,7.58,6.38,1.99540229811654,8.71510032031611
"576","C","CEC",6,6.754,10,49,7.58,8.96,7.58,2.30890201175351,7.11139287723072
"577","C","CEC",7,4.695,10,49,6.68,7.94,6.68,2.05799243923008,8.1220396580795
"578","C","CEC",8,4.488,10,49,6.65,7.91,6.65,2.019637266649,13.2243733047895
"579","C","CEC",9,10.216,10,49,8.4,10.36,8.4,2.69011321556586,11.3724744346882
"580","C","CEC",10,2.968,10,49,5.72,6.85,5.72,1.77448145585848,10.193140502999
"581","C","CEC",11,6.718,10,49,7.39,8.67,7.39,2.27936462340545,9.56610402339516
"582","C","CEC",12,5.926,10,49,7.03,8.4,7.03,2.21813580795305,8.99003814244836
"583","C","CEC",13,3.84,10,49,6.4,7.63,6.4,1.98102127810553,10.5230248283948
"584","C","CEC",14,3.46,10,49,6.02,7.27,6.02,1.76089675958624,7.85840287248963
"585","C","CEC",15,9.565,10,49,8.49,9.95,8.49,2.66003899007495,9.72484135486745
"586","C","CEC",16,3.735,10,49,6.3,7.46,6.3,1.85853433595762,13.1312025972113
"587","C","CEC",17,9.27,10,49,8.17,9.83,8.17,2.64588162549753,9.83561482424129
"588","C","CEC",18,3.41,10,49,6.05,7.2,6.05,1.8537010935509,9.58382729865636
"589","C","CEC",19,4.79,10,49,6.43,7.79,6.43,2.08900007393211,9.6826656067303
"590","C","CEC",20,6.628,10,49,7.55,8.98,7.55,2.40908045571651,12.4889761100555
"591","C","CEC",21,5.6,10,49,7.26,8.73,7.26,2.29493707747905,14.8487644335409
"592","C","CEC",22,8.922,10,49,8.11,9.6,8.11,2.63628154624884,8.36507034983205
"593","C","CEC",23,4.75,10,49,6.71,8.02,6.71,2.02345215994838,10.6069556192912
"594","C","CEC",24,3.52,10,49,5.82,7.02,5.82,1.81220613995632,11.7342503096591
"595","C","CEC",25,7.783,10,49,7.74,9.28,7.74,2.43742372499492,11.0148260387909
"596","C","CEC",26,7.364,10,49,7.84,9.4,7.84,2.48063589127816,10.1494843352585
"597","C","CEC",27,3.91,10,49,6.16,7.38,6.16,1.83742217851902,8.32841124537491
"598","C","CEC",28,7.136,10,49,7.82,9.29,7.82,2.40597409587379,7.86018103851994
"599","C","CEC",29,3.574,10,49,6.11,7.25,6.11,1.87415275058942,9.87725241383458
"600","C","CEC",30,2.778,10,49,5.8,6.95,5.8,1.76361255662338,8.94798945488028
"601","C","MSK",31,15.11,11,56,9.43,11.1,9.43,3.10325344731314,8.11438997180307
"602","C","MSK",32,8.428,11,56,7.78,9.08,7.78,2.42927104449332,10.5359682272981
"603","C","MSK",33,6.535,11,56,7.71,9.09,7.71,2.2758264688438,11.4741651864463
"604","C","MSK",34,11.764,11,56,8.63,10.16,8.63,2.81616836713064,9.18260488567412
"605","C","MSK",35,4.066,11,56,6.24,7.29,6.24,1.90272076008526,9.03223188786435
"606","C","MSK",36,2.312,11,56,5.2,6.17,5.2,1.53374712706102,10.3746617551271
"607","C","MSK",37,3.669,11,56,5.94,7,5.94,1.78532876020225,9.4323487844405
"608","C","MSK",38,16.064,11,56,9.32,10.95,9.32,2.98223143899231,9.0877699163972
"609","C","MSK",39,8.636,11,56,8.08,9.48,8.08,2.57116755937326,12.0707340714394
"610","C","MSK",40,7.301,11,56,7.08,8.4,7.08,2.33024960568535,7.96010022433014
"611","C","MSK",41,5.173,11,56,6.96,8.25,6.96,2.02413196199013,10.4765139854105
"612","C","MSK",42,4.93,11,56,6.51,7.67,6.51,1.93411921654587,9.96204854224253
"613","C","MSK",43,6.966,11,56,7.62,9.05,7.62,2.41847851788205,8.86958870157242
"614","C","MSK",44,2.89,11,56,5.8,6.94,5.8,1.83129499214979,8.31121495653139
"615","C","MSK",45,4.927,11,56,7.02,8.3,7.02,2.05748583531667,11.7046243685833
"616","C","MSK",46,14.768,11,56,9.54,11.13,9.54,2.91405271554285,8.79739811012369
"617","C","MSK",47,6.303,11,56,7.17,8.4,7.17,2.09172659929928,11.3431163642028
"618","C","MSK",48,5.656,11,56,6.98,8.1,6.98,2.11662782041622,8.24176697630138
"619","C","MSK",49,5.692,11,56,6.98,8.25,6.98,2.15906806514311,8.89111880896147
"620","C","MSK",50,15.81,11,56,9.06,10.71,9.06,2.80306092442908,10.1347567159163
"621","C","MSK",51,20.694,11,56,10.7,12.2,10.7,3.25628352278198,9.9001623442629
"622","C","MSK",52,4.007,11,56,6.22,7.43,6.22,1.76384999437076,11.4472656421564
"623","C","MSK",53,10.058,11,56,7.65,9.08,7.65,2.4536737293822,9.23688282731177
"624","C","MSK",54,9.305,11,56,8.4,9.91,8.4,2.63999099905279,8.06874060667755
"625","C","MSK",55,8.954,11,56,7.9,9.37,7.9,2.37058183231542,10.9811533083165
"626","C","MSK",56,7.068,11,56,7.12,8.46,7.12,2.25719439401712,10.9823122173266
"627","C","MSK",57,3.938,11,56,6.22,7.28,6.22,1.88789762737899,8.62496134461647
"628","C","MSK",58,2.995,11,56,5.78,6.7,5.78,1.7439522459533,10.7000540900296
"629","C","MSK",59,6.265,11,56,7.08,8.34,7.08,2.14254687354336,8.63427427083074
"630","C","MSK",60,4.063,11,56,6.5,7.76,6.5,1.90265855910301,7.88024660567523
"631","C","CEC",1,3.543,11,56,5.8,7.11,5.8,1.79416109262174,13.2579255078726
"632","C","CEC",2,6.88,11,56,7.53,9.01,7.53,2.33818121424468,10.7826518301831
"633","C","CEC",3,9.81,11,56,8.22,9.72,8.22,2.59900362580772,10.5541428159295
"634","C","CEC",4,4.48,11,56,6.59,7.76,6.59,2.02043345795432,12.1921131397746
"635","C","CEC",5,4.353,11,56,6.41,7.6,6.41,2.01741914249582,8.74480795569322
"636","C","CEC",6,6.793,11,56,7.58,8.93,7.58,2.29454089036535,7.13286964389019
"637","C","CEC",7,4.805,11,56,6.68,7.95,6.68,2.06086111035363,8.12177874789314
"638","C","CEC",8,4.622,11,56,6.65,7.9,6.65,2.00391882162219,13.207308799539
"639","C","CEC",9,10.324,11,56,8.38,10.38,8.38,2.698237909388,11.3515572293154
"640","C","CEC",10,3.048,11,56,5.75,6.88,5.75,1.7556599574505,10.2073843286649
"641","C","CEC",11,6.807,11,56,7.38,8.69,7.38,2.28013246727016,9.5832956843616
"642","C","CEC",12,6.056,11,56,7.03,8.4,7.03,2.2095938121557,8.97349327472197
"643","C","CEC",13,3.873,11,56,6.42,7.63,6.42,1.95578305777795,10.5717954609668
"644","C","CEC",14,3.467,11,56,6.05,7.25,6.05,1.74949053760156,7.85195548755534
"645","C","CEC",15,9.583,11,56,8.43,9.93,8.43,2.65693712978056,9.71252961348792
"646","C","CEC",16,3.74,11,56,6.29,7.46,6.29,1.8579756290707,13.1557731259516
"647","C","CEC",17,9.326,11,56,8.7,9.85,8.7,2.62825168035326,9.89192967153882
"648","C","CEC",18,3.38,11,56,6.06,7.18,6.06,1.85828390128592,9.62168776823686
"649","C","CEC",19,4.738,11,56,6.4,7.75,6.4,2.07278512518654,9.65696336305837
"650","C","CEC",20,6.554,11,56,7.53,9,7.53,2.47406377144456,12.5021312984773
"651","C","CEC",21,5.586,11,56,7.2,8.75,7.2,2.30504741374924,14.8470404049311
"652","C","CEC",22,8.94,11,56,8.15,9.6,8.15,2.62717154565079,8.3931334247419
"653","C","CEC",23,4.73,11,56,6.73,8.01,6.73,1.98569114029155,10.5731348557793
"654","C","CEC",24,3.526,11,56,5.8,7.02,5.8,1.78135125960274,11.7147459254493
"655","C","CEC",25,7.832,11,56,7.72,9.3,7.72,2.42383830402903,11.0063114307287
"656","C","CEC",26,7.396,11,56,7.85,9.39,7.85,2.4774421266514,10.1426698095033
"657","C","CEC",27,4.015,11,56,6.18,7.4,6.18,1.86281497805776,8.40953695796776
"658","C","CEC",28,7.13,11,56,7.83,9.28,7.83,2.40654026920317,7.92006207842614
"659","C","CEC",29,3.633,11,56,6.09,7.24,6.09,1.85139358750113,9.84684386370773
"660","C","CEC",30,2.777,11,56,5.82,6.98,5.82,1.74382840041235,8.88442865516907
"661","C","MSK",31,15.01,12,63,9.42,11.07,9.42,3.07676817975786,8.09507002790971
"662","C","MSK",32,8.421,12,63,7.76,9.09,7.76,2.42832259734393,10.4714023162404
"663","C","MSK",33,6.498,12,63,7.75,9.08,7.75,2.26416960131364,11.4869427164968
"664","C","MSK",34,11.77,12,63,8.59,10.16,8.59,2.81616836713064,9.21064237737735
"665","C","MSK",35,4.07,12,63,6.23,7.26,6.23,1.89504225540271,8.98932773907404
"666","C","MSK",36,2.313,12,63,5.19,6.15,5.19,1.55105245085002,10.3963954752191
"667","C","MSK",37,3.656,12,63,5.93,7,5.93,1.77571024581073,9.43422573664518
"668","C","MSK",38,16.054,12,63,9.34,10.92,9.34,2.98339350743086,9.08673688852481
"669","C","MSK",39,8.606,12,63,8.06,9.42,8.06,2.57985850048208,12.0610914607545
"670","C","MSK",40,7.309,12,63,7.1,8.35,7.1,2.35303894663258,7.9589331386539
"671","C","MSK",41,5.17,12,63,6.98,8.23,6.98,2.04264555139435,10.4731797529438
"672","C","MSK",42,5.001,12,63,6.5,7.66,6.5,1.94714022783099,9.96647352133214
"673","C","MSK",43,6.959,12,63,7.63,9.02,7.63,2.42801652831499,8.89945616128344
"674","C","MSK",44,2.823,12,63,5.75,6.97,5.75,1.82192577469272,8.27549853345479
"675","C","MSK",45,4.925,12,63,7,8.31,7,2.08003639578685,11.7362199463971
"676","C","MSK",46,14.766,12,63,9.51,11.12,9.51,2.92520384240933,8.92308109042689
"677","C","MSK",47,6.303,12,63,7.16,8.42,7.16,2.12072788148858,11.4589527415712
"678","C","MSK",48,5.66,12,63,6.96,8.07,6.96,2.11806758438819,8.31378772811964
"679","C","MSK",49,5.69,12,63,6.99,8.22,6.99,2.15521274528724,8.90312391222436
"680","C","MSK",50,15.788,12,63,9.07,10.73,9.07,2.84043409325196,10.1150645311164
"681","C","MSK",51,20.689,12,63,10.7,12.2,10.7,3.19254702990072,9.8705896322737
"682","C","MSK",52,3.97,12,63,6.22,7.4,6.22,1.77125619542774,11.3846232937146
"683","C","MSK",53,10.06,12,63,7.64,9.05,7.64,2.46496464476512,9.26976834673471
"684","C","MSK",54,9.288,12,63,8.42,9.91,8.42,2.6528976865861,8.04547291973926
"685","C","MSK",55,8.948,12,63,7.9,9.37,7.9,2.38176462583023,10.8794547616051
"686","C","MSK",56,7.11,12,63,7.13,8.45,7.13,2.27572380985981,11.0148552899214
"687","C","MSK",57,3.928,12,63,6.22,7.23,6.22,1.93070713574741,8.46895353281913
"688","C","MSK",58,2.981,12,63,5.77,6.73,5.77,1.72836765409868,10.7660236160042
"689","C","MSK",59,6.261,12,63,7.04,8.3,7.04,2.14606974451082,8.5220467461619
"690","C","MSK",60,4.036,12,63,6.52,7.74,6.52,1.95618436238849,7.93838559616537
"691","C","CEC",1,3.543,12,63,5.8,7.1,5.8,1.78458373325878,13.3056477610184
"692","C","CEC",2,6.787,12,63,7.54,9,7.54,2.34255567957727,10.8111844182837
"693","C","CEC",3,9.789,12,63,8.23,9.7,8.23,2.63110789387591,10.5671344855243
"694","C","CEC",4,4.478,12,63,7,7.77,7,2.02955951848829,12.1592825346619
"695","C","CEC",5,4.348,12,63,6.41,7.58,6.41,2.00264540379639,8.75130182155881
"696","C","CEC",6,6.792,12,63,7.56,8.96,7.56,2.31219613681891,7.10663939115882
"697","C","CEC",7,4.79,12,63,6.67,7.98,6.67,2.04693111871658,8.12707902536852
"698","C","CEC",8,4.599,12,63,6.66,7.9,6.66,2.01919297114728,13.1741839592808
"699","C","CEC",9,10.324,12,63,8.4,10.39,8.4,2.6959707595407,11.3828660837535
"700","C","CEC",10,3.05,12,63,5.73,6.88,5.73,1.79911829015986,10.1670283274176
"701","C","CEC",11,6.792,12,63,7.39,8.69,7.39,2.28392115059817,9.56471629377492
"702","C","CEC",12,5.989,12,63,7.04,8.41,7.04,2.21712069104632,9.00810966823786
"703","C","CEC",13,3.849,12,63,6.42,7.65,6.42,1.9841869217978,10.5930788074342
"704","C","CEC",14,3.46,12,63,6.05,7.31,6.05,1.80109659030985,7.82722000227718
"705","C","CEC",15,9.581,12,63,8.45,9.9,8.45,2.66024634395643,9.77404853507988
"706","C","CEC",16,3.748,12,63,6.32,7.43,6.32,1.87953690037298,13.1058241794413
"707","C","CEC",17,9.322,12,63,8.7,9.85,8.7,2.63909757253278,9.86630350459589
"708","C","CEC",18,3.378,12,63,6.06,7.2,6.06,1.86672058128716,9.61006229623355
"709","C","CEC",19,4.725,12,63,6.41,7.78,6.41,2.06077505425583,9.6812965623537
"710","C","CEC",20,6.548,12,63,7.52,9,7.52,2.43474094195012,12.5612903950309
"711","C","CEC",21,5.556,12,63,7.21,8.76,7.21,2.28522400167887,14.8819797848241
"712","C","CEC",22,8.946,12,63,8.16,9.6,8.16,2.63553227176252,8.3969617408439
"713","C","CEC",23,4.722,12,63,6.73,8.04,6.73,2.00606351862555,10.5263281669193
"714","C","CEC",24,3.501,12,63,5.84,7.03,5.84,1.78588529018489,11.6434041093285
"715","C","CEC",25,7.84,12,63,7.7,9.3,7.7,2.43870388707067,10.994045239303
"716","C","CEC",26,7.358,12,63,7.88,9.43,7.88,2.49083306250326,10.1461568217863
"717","C","CEC",27,3.977,12,63,6.15,7.41,6.15,1.86407388052666,8.37827768236505
"718","C","CEC",28,7.131,12,63,7.83,9.25,7.83,2.40816297414006,7.83192874436179
"719","C","CEC",29,3.633,12,63,6.08,7.26,6.08,1.87091366783578,9.85980687646357
"720","C","CEC",30,2.776,12,63,5.84,6.98,5.84,1.76393211816515,8.97679423884021
"721","C","MSK",31,15.088,13,70,9.43,11.06,9.43,3.11798159971839,8.0489841325246
"722","C","MSK",32,8.595,13,70,7.74,9.1,7.74,2.4880481856138,10.5183268178232
"723","C","MSK",33,6.432,13,70,7.74,9.07,7.74,2.27010268141988,11.4807359381684
"724","C","MSK",34,11.949,13,70,8.59,10.16,8.59,2.83622033834345,9.16270542061467
"725","C","MSK",35,4.105,13,70,6.22,7.27,6.22,1.91051451749882,9.02748856147275
"726","C","MSK",36,2.356,13,70,5.2,6.16,5.2,1.5530395106289,10.418176916169
"727","C","MSK",37,3.692,13,70,5.94,6.99,5.94,1.78560558724768,9.40746313698515
"728","C","MSK",38,15.916,13,70,9.32,10.9,9.32,2.99063412515782,9.1010633447031
"729","C","MSK",39,8.44,13,70,8.07,9.42,8.07,2.55848878957496,12.0621982040199
"730","C","MSK",40,7.306,13,70,7.1,8.35,7.1,2.35973967089861,8.00207814692765
"731","C","MSK",41,5.168,13,70,6.97,8.23,6.97,2.07603171316712,10.3983336405186
"732","C","MSK",42,5.011,13,70,6.5,7.67,6.5,1.95422324222346,9.91039581848229
"733","C","MSK",43,6.959,13,70,7.61,9.02,7.61,2.4419715398745,8.82371539082814
"734","C","MSK",44,2.813,13,70,5.75,6.97,5.75,1.82407755662248,8.23949134580297
"735","C","MSK",45,4.944,13,70,6.98,8.3,6.98,2.08403743439327,11.61580610173
"736","C","MSK",46,14.6,13,70,9.51,11.11,9.51,2.92529098460765,8.86296700085392
"737","C","MSK",47,6.2,13,70,7.15,8.43,7.15,2.11740169222965,11.385073253162
"738","C","MSK",48,5.596,13,70,6.96,8.07,6.96,2.12144914239206,8.21845378129276
"739","C","MSK",49,5.669,13,70,7,8.2,7,2.17302175626173,8.8651234998288
"740","C","MSK",50,15.748,13,70,9.08,10.73,9.08,2.91179880673974,10.154694842378
"741","C","MSK",51,19.96,13,70,10.7,12.22,10.7,3.24723039419983,9.91268538173184
"742","C","MSK",52,3.978,13,70,6.2,7.4,6.2,1.78283170669232,11.4119629075743
"743","C","MSK",53,10.104,13,70,7.64,9.04,7.64,2.44889950335219,9.28132219779413
"744","C","MSK",54,9.208,13,70,8.4,9.93,8.4,2.65435430179883,8.03145447364659
"745","C","MSK",55,8.917,13,70,7.9,9.37,7.9,2.38292734880053,10.9144216163412
"746","C","MSK",56,7.12,13,70,7.13,8.44,7.13,2.27499438945905,10.9861952794499
"747","C","MSK",57,3.962,13,70,6.23,7.21,6.23,1.92836411588273,8.51576601512791
"748","C","MSK",58,2.931,13,70,5.75,6.73,5.75,1.74029854881179,10.8124552728929
"749","C","MSK",59,6.31,13,70,7.04,8.3,7.04,2.13562793422504,8.54032905872704
"750","C","MSK",60,4.1,13,70,6.5,7.74,6.5,1.95601400425274,8.00551101490314
"751","C","CEC",1,3.53,13,70,5.7,7.1,5.7,1.84616288433866,13.2962170042116
"752","C","CEC",2,6.777,13,70,7.54,9.01,7.54,2.33264885919455,10.8155756664657
"753","C","CEC",3,9.693,13,70,8.23,9.7,8.23,2.61286494802024,10.5902314880947
"754","C","CEC",4,4.401,13,70,7,7.76,7,1.99643140216867,12.1049025665713
"755","C","CEC",5,4.301,13,70,6.41,7.58,6.41,1.99691082856655,8.70443034640976
"756","C","CEC",6,6.858,13,70,7.57,8.95,7.57,2.33225187900879,7.1670888972846
"757","C","CEC",7,4.738,13,70,6.68,7.98,6.68,2.0697150398591,8.11990057018492
"758","C","CEC",8,4.539,13,70,6.66,7.9,6.66,2.02080635503203,13.1779866801775
"759","C","CEC",9,10.194,13,70,8.41,10.4,8.41,2.68648965302751,11.2968771329888
"760","C","CEC",10,3.016,13,70,5.73,6.87,5.73,1.79356061774057,10.1878094003023
"761","C","CEC",11,6.705,13,70,7.38,8.69,7.38,2.26461629790598,9.70368344437845
"762","C","CEC",12,5.923,13,70,7.04,8.4,7.04,2.21915170446081,8.97638293919327
"763","C","CEC",13,3.886,13,70,6.42,7.65,6.42,1.97185296331788,10.493239839762
"764","C","CEC",14,3.464,13,70,6.03,7.31,6.03,1.7761117534917,7.83196359234886
"765","C","CEC",15,9.592,13,70,8.46,9.92,8.46,2.66826578650826,9.71938480364457
"766","C","CEC",16,3.764,13,70,6.32,7.43,6.32,1.86982734119023,13.1109311368826
"767","C","CEC",17,9.31,13,70,8.71,9.85,8.71,2.63538798400621,9.90126000906279
"768","C","CEC",18,3.398,13,70,6.05,7.21,6.05,1.86413453456669,9.57408996038237
"769","C","CEC",19,4.763,13,70,6.41,7.79,6.41,2.05690460115078,9.66860174749146
"770","C","CEC",20,6.597,13,70,7.52,9,7.52,2.41967269511614,12.4743378657484
"771","C","CEC",21,5.544,13,70,7.2,8.76,7.2,2.28143986227731,14.9287456703093
"772","C","CEC",22,8.882,13,70,8.15,9.58,8.15,2.66160086018517,8.36104078033131
"773","C","CEC",23,4.643,13,70,6.73,8.04,6.73,1.96398033781905,10.524506764134
"774","C","CEC",24,3.47,13,70,5.84,7.01,5.84,1.78957917181659,11.7145308983929
"775","C","CEC",25,7.757,13,70,7.7,9.3,7.7,2.44758557535601,10.9747702714102
"776","C","CEC",26,7.331,13,70,7.87,9.43,7.87,2.4932044301514,10.1409282140252
"777","C","CEC",27,3.952,13,70,6.15,7.4,6.15,1.84844656631105,8.36963940788982
"778","C","CEC",28,7.091,13,70,7.84,9.26,7.84,2.43568282195317,7.84445353575606
"779","C","CEC",29,3.551,13,70,6.07,7.25,6.07,1.86714160336259,9.85633849322201
"780","C","CEC",30,2.78,13,70,5.84,6.98,5.84,1.7701882155424,8.93866288552734
"781","C","MSK",31,15.088,14,77,9.42,11.05,9.42,3.11973699380499,8.05806407557907
"782","C","MSK",32,8.516,14,77,7.73,9.1,7.73,2.48513984584814,10.4268482755372
"783","C","MSK",33,6.426,14,77,7.74,9.06,7.74,2.33364444885116,11.5004969344946
"784","C","MSK",34,11.818,14,77,8.6,10.17,8.6,2.82940935763659,9.15302557957721
"785","C","MSK",35,4.066,14,77,6.21,7.27,6.21,1.92154975940247,9.01269721997714
"786","C","MSK",36,2.337,14,77,5.21,6.14,5.21,1.55523290044679,10.4354613358082
"787","C","MSK",37,3.647,14,77,5.94,7,5.94,1.78686835550973,9.39297639178356
"788","C","MSK",38,15.9,14,77,9.32,10.9,9.32,2.98526488066786,9.09318563999992
"789","C","MSK",39,8.45,14,77,8.07,9.4,8.07,2.5633878482242,12.0075815483921
"790","C","MSK",40,7.242,14,77,7.09,8.37,7.09,2.35987366616994,8.00749773555467
"791","C","MSK",41,5.15,14,77,6.97,8.24,6.97,2.06992092751755,10.4358741713545
"792","C","MSK",42,4.936,14,77,6.51,7.67,6.51,1.99178473376406,9.89058531874515
"793","C","MSK",43,7.006,14,77,7.61,9.02,7.61,2.40489827512892,8.81585720330146
"794","C","MSK",44,2.82,14,77,5.77,6.98,5.77,1.84610275519405,8.33823983509688
"795","C","MSK",45,4.889,14,77,6.98,8.31,6.98,2.08075536830194,11.6145612027304
"796","C","MSK",46,14.616,14,77,9.49,11.11,9.49,2.90324119249758,8.86245941412748
"797","C","MSK",47,6.242,14,77,7.15,8.43,7.15,2.15474312952701,11.3722992327517
"798","C","MSK",48,5.64,14,77,6.96,8.05,6.96,2.09721154093559,8.24362541497834
"799","C","MSK",49,5.622,14,77,6.98,8.21,6.98,2.16609582745897,8.8770014852458
"800","C","MSK",50,15.68,14,77,9.08,10.71,9.08,2.93920277296513,10.1286430885606
"801","C","MSK",51,19.99,14,77,10.7,12.22,10.7,3.2328669681864,9.91581761020033
"802","C","MSK",52,3.895,14,77,6.22,7.41,6.22,1.81698816226499,11.4189686794918
"803","C","MSK",53,9.998,14,77,7.64,9.04,7.64,2.48756019003126,9.26166512528919
"804","C","MSK",54,9.188,14,77,8.4,9.93,8.4,2.64984080836343,8.09815587598505
"805","C","MSK",55,8.771,14,77,7.91,9.39,7.91,2.3922388656298,10.9432246874415
"806","C","MSK",56,6.92,14,77,7.13,8.45,7.13,2.27441947172702,11.0154392858483
"807","C","MSK",57,3.803,14,77,6.21,7.2,6.21,1.92321785651271,8.5369558912564
"808","C","MSK",58,2.922,14,77,5.75,6.73,5.75,1.7228868019144,10.7699369141069
"809","C","MSK",59,6.2,14,77,7.04,8.32,7.04,2.18450760697766,8.54681278231327
"810","C","MSK",60,4.008,14,77,6.5,7.71,6.5,1.95237500388359,7.95309758327186
"811","C","CEC",1,3.474,14,77,5.71,7.11,5.71,1.84756392917646,13.2456963966528
"812","C","CEC",2,6.678,14,77,7.54,9.01,7.54,2.33911581488816,10.7999796943555
"813","C","CEC",3,9.676,14,77,8.23,9.69,8.23,2.60458156221387,10.5740768221811
"814","C","CEC",4,4.431,14,77,7.02,7.76,7.02,2.04183189703843,12.1151669633109
"815","C","CEC",5,4.304,14,77,6.41,7.6,6.41,2.01663217171425,8.71163538637458
"816","C","CEC",6,6.855,14,77,7.55,8.92,7.55,2.32552804427702,7.14756101943698
"817","C","CEC",7,4.733,14,77,6.68,7.99,6.68,2.07272906014059,8.13281942080737
"818","C","CEC",8,4.541,14,77,6.66,7.89,6.66,2.04390195808195,13.2127964154597
"819","C","CEC",9,10.2,14,77,8.41,10.4,8.41,2.7098093526072,11.3700556001915
"820","C","CEC",10,3.014,14,77,5.73,6.87,5.73,1.82991235777294,10.1619626898776
"821","C","CEC",11,6.701,14,77,7.39,8.69,7.39,2.2905455209676,9.55045803800036
"822","C","CEC",12,5.93,14,77,7.04,8.41,7.04,2.20441036643426,8.97685350775103
"823","C","CEC",13,3.843,14,77,6.4,7.63,6.4,1.96676610661214,10.5326807967947
"824","C","CEC",14,3.462,14,77,6.02,7.31,6.02,1.7970447410929,7.81908130853484
"825","C","CEC",15,9.589,14,77,8.45,9.92,8.45,2.67354526558247,9.6788035719723
"826","C","CEC",16,3.759,14,77,6.32,7.42,6.32,1.87187848268109,13.1717657637552
"827","C","CEC",17,9.341,14,77,8.7,9.84,8.7,2.64388847604861,9.87879227246301
"828","C","CEC",18,3.393,14,77,6.04,7.22,6.04,1.86034908847771,9.58356559382261
"829","C","CEC",19,4.78,14,77,6.4,7.79,6.4,2.08852812691892,9.65652532119403
"830","C","CEC",20,6.592,14,77,7.52,9.02,7.52,2.42753329324052,12.5440070673582
"831","C","CEC",21,5.539,14,77,7.2,8.74,7.2,2.27221140175923,14.8033156007716
"832","C","CEC",22,8.84,14,77,8.17,9.6,8.17,2.63866300391918,8.40296899758799
"833","C","CEC",23,4.639,14,77,6.74,8.04,6.74,1.97352001553099,10.6155360784186
"834","C","CEC",24,3.462,14,77,5.83,7,5.83,1.8116423024525,11.7376736436864
"835","C","CEC",25,7.75,14,77,7.69,9.3,7.69,2.45314178478568,11.0192891506003
"836","C","CEC",26,7.35,14,77,7.86,9.44,7.86,2.49622149754204,10.1993485115548
"837","C","CEC",27,4.01,14,77,6.15,7.41,6.15,1.85785995530634,8.41483339432406
"838","C","CEC",28,7.158,14,77,7.84,9.27,7.84,2.42407933434227,7.83309019382897
"839","C","CEC",29,3.548,14,77,6.06,7.24,6.06,1.87566983081743,9.92564369810376
"840","C","CEC",30,2.799,14,77,5.85,6.96,5.85,1.79425191487985,8.95102974070509
"841","C","MSK",31,15.098,15,84,9.4,11.04,9.4,3.12883055177807,8.05076247734447
"842","C","MSK",32,8.535,15,84,7.74,9.11,7.74,2.47533898025379,10.5137690513988
"843","C","MSK",33,6.456,15,84,7.73,9.06,7.73,2.32230661836364,11.5102596865925
"844","C","MSK",34,11.782,15,84,8.61,10.18,8.61,2.7835324472069,9.136945498525
"845","C","MSK",35,4.094,15,84,6.21,7.26,6.21,1.90245785573989,8.99652696764202
"846","C","MSK",36,2.308,15,84,5.21,6.14,5.21,1.57305167294558,10.4282524568192
"847","C","MSK",37,3.611,15,84,5.92,6.99,5.92,1.79279120726422,9.40127555454748
"848","C","MSK",38,15.405,15,84,9.3,10.9,9.3,2.97929224855393,9.11008603183178
"849","C","MSK",39,8.54,15,84,8.07,9.42,8.07,2.54290584447646,12.0248604929752
"850","C","MSK",40,7.297,15,84,7.09,8.35,7.09,2.36162370445772,7.9970065084934
"851","C","MSK",41,5.136,15,84,6.95,8.25,6.95,2.0336409840785,10.4481964245686
"852","C","MSK",42,4.928,15,84,6.51,7.67,6.51,1.9529761253553,9.97530679012548
"853","C","MSK",43,6.98,15,84,7.62,9.03,7.62,2.39619166025986,8.90166115111808
"854","C","MSK",44,2.782,15,84,5.75,6.99,5.75,1.82368743722541,8.35742068356525
"855","C","MSK",45,4.9,15,84,6.99,8.3,6.99,2.0481707519718,11.7305570090813
"856","C","MSK",46,14.721,15,84,9.48,11.1,9.48,2.91392628203862,8.84776334683654
"857","C","MSK",47,6.167,15,84,7.15,8.44,7.15,2.12137520523319,11.3741689122356
"858","C","MSK",48,5.59,15,84,6.96,8.05,6.96,2.08716041095002,8.22799268715545
"859","C","MSK",49,5.613,15,84,6.98,8.21,6.98,2.16126469692735,8.89684091968547
"860","C","MSK",50,15.67,15,84,9.06,10.72,9.06,2.90763368142153,10.1468918088364
"861","C","MSK",51,19.142,15,84,10.69,12.2,10.69,3.13116918014158,9.9306960904923
"862","C","MSK",52,3.927,15,84,6.23,7.42,6.23,1.80430549047366,11.3837536461817
"863","C","MSK",53,10.085,15,84,7.64,9.04,7.64,2.49134279365128,9.2399704343435
"864","C","MSK",54,9.077,15,84,8.4,9.91,8.4,2.6421920135045,8.12038767862922
"865","C","MSK",55,8.807,15,84,7.9,9.4,7.9,2.389993463924,10.985903815858
"866","C","MSK",56,6.92,15,84,7.12,8.45,7.12,2.31111339043347,11.024671816607
"867","C","MSK",57,3.789,15,84,6.21,7.19,6.21,1.91802837437825,8.55569544546969
"868","C","MSK",58,2.919,15,84,5.74,6.7,5.74,1.73077926612409,10.8165901887077
"869","C","MSK",59,6.2,15,84,7.03,8.32,7.03,2.15919893973981,8.59132301105634
"870","C","MSK",60,4.006,15,84,6.5,7.7,6.5,1.9811553819981,7.93518469907165
"871","C","CEC",1,3.518,15,84,5.71,7.11,5.71,1.78715119657154,13.2585213657808
"872","C","CEC",2,6.774,15,84,7.55,9.02,7.55,2.35574974627909,10.789664313078
"873","C","CEC",3,9.672,15,84,8.21,9.7,8.21,2.60937286856604,10.542588829415
"874","C","CEC",4,4.436,15,84,7.02,7.74,7.02,2.0507854605633,12.0980128536496
"875","C","CEC",5,4.246,15,84,6.41,7.6,6.41,2.02221513615044,8.73735757651944
"876","C","CEC",6,6.737,15,84,7.55,8.9,7.55,2.31804210191648,7.21657366648565
"877","C","CEC",7,4.693,15,84,6.69,8,6.69,2.06110013563773,8.14800444774566
"878","C","CEC",8,4.537,15,84,6.64,7.87,6.64,2.04336812958733,13.1562738949529
"879","C","CEC",9,10.267,15,84,8.4,10.4,8.4,2.7025891588008,11.3020299469387
"880","C","CEC",10,3.007,15,84,5.73,6.86,5.73,1.8146857951592,10.183217166828
"881","C","CEC",11,6.693,15,84,7.4,8.7,7.4,2.29952657101535,9.59165955948796
"882","C","CEC",12,5.963,15,84,7.05,8.41,7.05,2.24319077704145,9.06303179485249
"883","C","CEC",13,3.826,15,84,6.4,7.64,6.4,1.98386890155009,10.5196311606207
"884","C","CEC",14,3.448,15,84,6.03,7.31,6.03,1.78341332894587,7.88911980208081
"885","C","CEC",15,9.68,15,84,8.45,9.92,8.45,2.68625788833938,9.74778439220733
"886","C","CEC",16,3.788,15,84,6.3,7.42,6.3,1.8746386144223,13.1506889872773
"887","C","CEC",17,9.377,15,84,8.71,9.86,8.71,2.65929339754703,9.86540020591038
"888","C","CEC",18,3.371,15,84,6.04,7.22,6.04,1.85379478500339,9.60711381232562
"889","C","CEC",19,4.753,15,84,6.41,7.79,6.41,2.11524227602884,9.63922942553824
"890","C","CEC",20,6.587,15,84,7.5,9,7.5,2.43424150629536,12.512503458401
"891","C","CEC",21,5.49,15,84,7.21,8.74,7.21,2.27340015523226,14.7950560349359
"892","C","CEC",22,8.984,15,84,8.17,9.61,8.17,2.65029735314074,8.41257296714739
"893","C","CEC",23,4.699,15,84,6.74,8.02,6.74,1.99017898367884,10.5980101588224
"894","C","CEC",24,3.464,15,84,5.82,7,5.82,1.77787873073762,11.7350480487834
"895","C","CEC",25,7.863,15,84,7.7,9.31,7.7,2.44134941573821,11.0082265673893
"896","C","CEC",26,7.365,15,84,7.85,9.44,7.85,2.49538002264078,10.1263009089235
"897","C","CEC",27,3.93,15,84,6.15,7.41,6.15,1.85982234293148,8.41328634424345
"898","C","CEC",28,7.108,15,84,7.83,9.25,7.83,2.41064021751343,7.85142409569729
"899","C","CEC",29,3.563,15,84,6.04,7.25,6.04,1.85129962501533,9.92425153057288
"900","C","CEC",30,2.75,15,84,5.85,6.98,5.85,1.7870368962734,8.88860848206956
"901","C","MSK",31,15.19,18,105,9.43,11.05,9.43,3.11238118160614,8.0354754319359
"902","C","MSK",32,8.53,18,105,7.74,9.1,7.74,2.46489193761809,10.476471848425
"903","C","MSK",33,6.456,18,105,7.74,9.07,7.74,2.28724587765907,11.3879234275491
"904","C","MSK",34,11.78,18,105,8.61,10.18,8.61,2.79997928704351,9.09931838958629
"905","C","MSK",35,4.09,18,105,6.21,7.24,6.21,1.91934178648585,8.98504309854614
"906","C","MSK",36,2.307,18,105,5.21,6.13,5.21,1.57273233178271,10.4626026988161
"907","C","MSK",37,3.658,18,105,5.92,6.99,5.92,1.79622345569136,9.3767993682719
"908","C","MSK",38,16.126,18,105,9.31,10.9,9.31,2.9775376217218,9.09127298912268
"909","C","MSK",39,8.642,18,105,8.08,9.42,8.08,2.54171045574979,11.9859765408468
"910","C","MSK",40,7.284,18,105,7.09,8.36,7.09,2.33961326740468,8.04826953871334
"911","C","MSK",41,5.185,18,105,6.95,8.26,6.95,2.03554287815662,10.3958056052403
"912","C","MSK",42,4.943,18,105,6.54,7.64,6.54,1.97866404359147,9.89075663917827
"913","C","MSK",43,6.964,18,105,7.61,9.03,7.61,2.41418185832269,8.86728668523457
"914","C","MSK",44,2.766,18,105,5.75,6.99,5.75,1.84359455572644,8.29699415491953
"915","C","MSK",45,4.857,18,105,6.98,8.3,6.98,2.08155979557278,11.6683934062421
"916","C","MSK",46,14.731,18,105,9.49,11.1,9.49,2.89857316714461,8.8193604916336
"917","C","MSK",47,6.183,18,105,7.15,8.44,7.15,2.12014435219853,11.4223887300542
"918","C","MSK",48,5.529,18,105,6.98,8.03,6.98,2.09020749143093,8.35513595031114
"919","C","MSK",49,6.183,18,105,7,8.23,7,2.16295292784153,8.84073542950549
"920","C","MSK",50,15.679,18,105,9.06,10.72,9.06,2.90179862478849,10.3007164426262
"921","C","MSK",51,19.399,18,105,10.7,12.21,10.7,3.14688636277451,9.9108581953637
"922","C","MSK",52,3.881,18,105,6.23,7.42,6.23,1.80273561910724,11.4833732393851
"923","C","MSK",53,10.06,18,105,7.65,9.02,7.65,2.48489488413407,9.3618835384575
"924","C","MSK",54,9.295,18,105,8.38,9.89,8.38,2.66195302921653,8.18543211283194
"925","C","MSK",55,8.784,18,105,7.91,9.41,7.91,2.39415359179854,10.9244011286488
"926","C","MSK",56,7.059,18,105,7.12,8.45,7.12,2.27421622371262,10.9586811996913
"927","C","MSK",57,3.882,18,105,6.2,7.19,6.2,1.89611929325512,8.53386444209975
"928","C","MSK",58,2.904,18,105,5.73,6.7,5.73,1.71024007665565,10.7706290733406
"929","C","MSK",59,6.199,18,105,7.02,8.3,7.02,2.16233002868955,8.55392647880641
"930","C","MSK",60,3.977,18,105,6.5,7.7,6.5,1.9807455305494,7.91741365328415
"931","C","CEC",1,3.44,18,105,5.67,7.08,5.67,1.78135970086853,13.3385884043189
"932","C","CEC",2,6.695,18,105,7.56,9.01,7.56,2.35171078900456,10.7725233160615
"933","C","CEC",3,9.591,18,105,8.22,9.72,8.22,2.61123598003729,10.5862832949191
"934","C","CEC",4,4.401,18,105,7,7.74,7,2.0124587142839,12.1391833703355
"935","C","CEC",5,4.181,18,105,6.42,7.6,6.42,2.01141488607148,8.69626681505789
"936","C","CEC",6,6.735,18,105,7.55,8.9,7.55,2.31515436752503,7.15373472357597
"937","C","CEC",7,4.704,18,105,6.67,7.98,6.67,2.04278096678352,8.19020586608816
"938","C","CEC",8,4.566,18,105,6.64,7.87,6.64,2.03307616344404,13.2030266429258
"939","C","CEC",9,10.211,18,105,8.4,10.42,8.4,2.70359746521238,11.3056143463156
"940","C","CEC",10,2.992,18,105,5.72,6.88,5.72,1.81536655465077,10.1502720857213
"941","C","CEC",11,6.679,18,105,7.4,8.69,7.4,2.27627358630071,9.59975646837298
"942","C","CEC",12,5.931,18,105,7.05,8.42,7.05,2.21987515211608,9.010944690527
"943","C","CEC",13,3.864,18,105,6.37,7.65,6.37,1.98785367461854,10.437650970756
"944","C","CEC",14,3.466,18,105,6.03,7.31,6.03,1.78109247529838,7.81962478290049
"945","C","CEC",15,9.662,18,105,8.45,9.92,8.45,2.68623589024312,9.83431649757361
"946","C","CEC",16,3.813,18,105,6.29,7.4,6.29,1.87668251965144,13.1431569873355
"947","C","CEC",17,9.333,18,105,8.7,9.84,8.7,2.5890096432154,9.96607780599148
"948","C","CEC",18,3.416,18,105,6.02,7.21,6.02,1.85327534426442,9.60477498109436
"949","C","CEC",19,4.736,18,105,6.41,7.79,6.41,2.10553783685414,9.73651809010527
"950","C","CEC",20,6.667,18,105,7.51,9.02,7.51,2.42771674433751,12.4182840212734
"951","C","CEC",21,5.608,18,105,7.21,8.74,7.21,2.27471959815463,14.7764693276388
"952","C","CEC",22,9.051,18,105,8.2,9.61,8.2,2.64643309771639,8.38796201327375
"953","C","CEC",23,4.69,18,105,6.73,8,6.73,1.98306688109807,10.5247500313051
"954","C","CEC",24,3.459,18,105,5.81,7,5.81,1.78121971031008,11.6842717647221
"955","C","CEC",25,7.7804,18,105,7.71,9.3,7.71,2.41323041381172,10.9948095656102
"956","C","CEC",26,7.385,18,105,7.86,9.45,7.86,2.48187921625325,10.1096410878431
"957","C","CEC",27,3.955,18,105,6.14,7.42,6.14,1.86272001423044,8.38211476550478
"958","C","CEC",28,7.206,18,105,7.83,9.25,7.83,2.40530805294005,7.81378487518552
"959","C","CEC",29,3.544,18,105,6.04,7.24,6.04,1.82067836549419,9.89708888946722
"960","C","CEC",30,2.729,18,105,5.86,6.99,5.86,1.7648253443906,8.95354048293351
"961","C","MSK",31,15.115,21,126,9.44,11.05,9.44,3.09452035976972,8.07861438959644
"962","C","MSK",32,8.581,21,126,7.72,9.11,7.72,2.49482843031674,10.4917796275736
"963","C","MSK",33,6.486,21,126,7.74,9.08,7.74,2.29968596184492,11.4636190200314
"964","C","MSK",34,11.837,21,126,8.62,10.16,8.62,2.77570311439755,9.14028320486813
"965","C","MSK",35,4.089,21,126,6.2,7.23,6.2,1.92768808017832,9.00496779023052
"966","C","MSK",36,2.308,21,126,5.22,6.12,5.22,1.58739692652952,10.4252230061134
"967","C","MSK",37,3.677,21,126,5.91,7,5.91,1.79446550813863,9.37617910938989
"968","C","MSK",38,16.048,21,126,9.3,10.91,9.3,2.98970684704874,9.16640665644591
"969","C","MSK",39,8.596,21,126,8.09,9.42,8.09,2.53675170147227,11.8199818945816
"970","C","MSK",40,7.189,21,126,7.08,8.36,7.08,2.34185843553691,7.99852694092438
"971","C","MSK",41,5.156,21,126,6.95,8.25,6.95,2.03391667776834,10.4992922446829
"972","C","MSK",42,4.95,21,126,6.54,7.64,6.54,1.98239978808645,9.97224550847806
"973","C","MSK",43,6.924,21,126,7.6,9.02,7.6,2.40839598024916,8.80940907435284
"974","C","MSK",44,2.805,21,126,5.76,7,5.76,1.85997244185176,8.27266854143933
"975","C","MSK",45,4.803,21,126,6.97,8.31,6.97,2.05773928315661,11.7341888950749
"976","C","MSK",46,14.724,21,126,9.5,11.1,9.5,2.94380568748772,8.77804671600228
"977","C","MSK",47,6.158,21,126,7.15,8.43,7.15,2.1234633197334,11.406316129162
"978","C","MSK",48,5.518,21,126,6.97,8.01,6.97,2.11085743398912,8.35072709424
"979","C","MSK",49,5.618,21,126,6.98,8.22,6.98,2.16206612136828,8.87155213587121
"980","C","MSK",50,15.71,21,126,9.05,10.72,9.05,2.90317154231795,10.3353999753846
"981","C","MSK",51,20.518,21,126,10.7,12.23,10.7,3.14006471613252,9.95282077244893
"982","C","MSK",52,3.886,21,126,6.22,7.41,6.22,1.83020372604519,11.4147815861619
"983","C","MSK",53,10.01,21,126,7.63,9.03,7.63,2.4987727128164,9.39077444452514
"984","C","MSK",54,9.105,21,126,8.38,9.9,8.38,2.68426266570506,8.17989782919979
"985","C","MSK",55,8.718,21,126,7.92,9.4,7.92,2.41086786791335,10.9825080179496
"986","C","MSK",56,6.99,21,126,7.13,8.45,7.13,2.27551306535293,10.9803351303505
"987","C","MSK",57,3.901,21,126,6.21,7.2,6.21,1.91322246103651,8.54434461417935
"988","C","MSK",58,2.938,21,126,5.72,6.7,5.72,1.70824254307115,10.7536652402836
"989","C","MSK",59,6.116,21,126,7,8.31,7,2.16233002868955,8.54918913734906
"990","C","MSK",60,3.864,21,126,6.5,7.69,6.5,1.9807455305494,7.9638256873026
"991","C","CEC",1,3.438,21,126,5.66,7.09,5.66,1.78135970086853,13.2721278747579
"992","C","CEC",2,6.692,21,126,7.58,9,7.58,2.35171078900456,10.7690901246978
"993","C","CEC",3,9.589,21,126,8.22,9.71,8.22,2.60760127079495,10.61334049055
"994","C","CEC",4,4.399,21,126,6.99,7.73,6.99,2.00962451939328,12.1315155364994
"995","C","CEC",5,4.178,21,126,6.41,7.6,6.41,2.01421427645907,8.72165228324187
"996","C","CEC",6,6.734,21,126,7.53,8.91,7.53,2.31572697131165,7.22972488434901
"997","C","CEC",7,4.702,21,126,6.68,7.99,6.68,2.04054608661444,8.29464302758675
"998","C","CEC",8,4.564,21,126,6.66,7.87,6.66,2.02353340289794,13.1846363515389
"999","C","CEC",9,10.208,21,126,8.39,10.42,8.39,2.73834730332736,11.3095595036959
"1000","C","CEC",10,2.99,21,126,5.71,6.89,5.71,1.81185002185064,10.158154134669
"1001","C","CEC",11,6.676,21,126,7.41,8.69,7.41,2.27373428282517,9.59685607852338
"1002","C","CEC",12,5.929,21,126,7.03,8.41,7.03,2.20771932946723,9.05629470109362
"1003","C","CEC",13,3.862,21,126,6.38,7.65,6.38,1.99191973538707,10.5214173629009
"1004","C","CEC",14,3.463,21,126,6.01,7.32,6.01,1.79534297736383,7.85909286680877
"1005","C","CEC",15,9.661,21,126,8.45,9.93,8.45,2.68500753016539,9.84882922812892
"1006","C","CEC",16,3.81,21,126,6.29,7.4,6.29,1.87986663250986,13.2919799480711
"1007","C","CEC",17,9.33,21,126,8.71,9.83,8.71,2.61295415295804,9.97738959091242
"1008","C","CEC",18,3.414,21,126,6.02,7.2,6.02,1.84385451025798,9.63872695132244
"1009","C","CEC",19,4.734,21,126,6.4,7.8,6.4,2.09518885255811,9.73875099229421
"1010","C","CEC",20,6.664,21,126,7.52,9.02,7.52,2.42305854867724,12.4403913444741
"1011","C","CEC",21,5.606,21,126,7.21,8.74,7.21,2.26478125821697,14.905786444633
"1012","C","CEC",22,9.05,21,126,8.18,9.61,8.18,2.6433457031904,8.36786402405324
"1013","C","CEC",23,4.687,21,126,6.72,7.99,6.72,1.97568086297475,10.4933820548371
"1014","C","CEC",24,3.456,21,126,5.8,7,5.8,1.78333494513016,11.6845936182442
"1015","C","CEC",25,7.784,21,126,7.71,9.29,7.71,2.42614928972281,11.0732974251064
"1016","C","CEC",26,7.385,21,126,7.87,9.44,7.87,2.47302501313106,10.1707690376588
"1017","C","CEC",27,3.952,21,126,6.13,7.41,6.13,1.86272001423044,8.36167488832047
"1018","C","CEC",28,7.204,21,126,7.83,9.26,7.83,2.40530805294005,7.83754572805766
"1019","C","CEC",29,3.541,21,126,6.04,7.23,6.04,1.81712137676372,9.90200864557743
"1020","C","CEC",30,2.727,21,126,5.86,6.99,5.86,1.74655340529594,8.88992038763933
"1021","C","MSK",31,14.955,25,154,9.45,11.03,9.45,3.07508589739164,8.08995716627831
"1022","C","MSK",32,8.499,25,154,7.73,9.11,7.73,2.49884469398341,10.485069192847
"1023","C","MSK",33,6.401,25,154,7.74,9.09,7.74,2.29884791088356,11.465379591142
"1024","C","MSK",34,11.841,25,154,8.6,10.15,8.6,2.78178830764336,9.1625833909169
"1025","C","MSK",35,4.032,25,154,6.22,7.22,6.22,1.9177507265237,9.05729278215013
"1026","C","MSK",36,2.298,25,154,5.21,6.13,5.21,1.56108674277328,10.4283405659799
"1027","C","MSK",37,3.661,25,154,5.9,6.98,5.9,1.79805440304982,9.40716005395882
"1028","C","MSK",38,16.129,25,154,9.3,10.92,9.3,2.98970684704874,9.12914226643603
"1029","C","MSK",39,8.64,25,154,8.1,9.41,8.1,2.53454085168691,11.8199818945816
"1030","C","MSK",40,7.283,25,154,7.09,8.37,7.09,2.3313347619278,8.02870558186618
"1031","C","MSK",41,5.186,25,154,6.93,8.24,6.93,2.06815067130207,10.5085291007459
"1032","C","MSK",42,4.945,25,154,6.53,7.62,6.53,1.98239978808645,9.95066884641762
"1033","C","MSK",43,6.96,25,154,7.6,9.02,7.6,2.41129509790886,8.87607011567197
"1034","C","MSK",44,2.763,25,154,5.75,7,5.75,1.86005211351412,8.31683544214777
"1035","C","MSK",45,4.854,25,154,6.98,8.3,6.98,2.07271084260857,11.7224774294588
"1036","C","MSK",46,14.729,25,154,9.52,11.1,9.52,2.94694488346914,8.82758242127996
"1037","C","MSK",47,6.18,25,154,7.13,8.44,7.13,2.1228181359786,11.4059561737774
"1038","C","MSK",48,5.527,25,154,6.97,8,6.97,2.08224055428991,8.31559021059474
"1039","C","MSK",49,5.507,25,154,6.98,8.21,6.98,2.1651287917754,8.8779266841569
"1040","C","MSK",50,15.677,25,154,9.05,10.73,9.05,2.85529302173108,10.3520942033408
"1041","C","MSK",51,19.398,25,154,10.69,12.23,10.69,3.13981822270234,9.93756660880716
"1042","C","MSK",52,3.878,25,154,6.21,7.41,6.21,1.81680918148678,11.4557514988322
"1043","C","MSK",53,10.056,25,154,7.64,9.02,7.64,2.50452570845351,9.32013833643566
"1044","C","MSK",54,9.291,25,154,8.39,9.9,8.39,2.67715457263993,8.18394419308312
"1045","C","MSK",55,8.782,25,154,7.92,9.39,7.92,2.41331947236412,10.9974894617384
"1046","C","MSK",56,7.056,25,154,7.13,8.45,7.13,2.27716642859014,10.9839883076196
"1047","C","MSK",57,3.88,25,154,6.22,7.2,6.22,1.91329865067164,8.53228081440969
"1048","C","MSK",58,2.9,25,154,5.72,6.69,5.72,1.69112170740662,10.7415684019052
"1049","C","MSK",59,6.199,25,154,6.98,8.31,6.98,2.16233002868955,8.56638597898071
"1050","C","MSK",60,3.974,25,154,6.51,7.68,6.51,1.98432724340526,8.02308746300812
"1051","C","CEC",1,3.346,25,154,5.64,7.09,5.64,1.79347630587421,13.2620202982291
"1052","C","CEC",2,6.469,25,154,7.57,9,7.57,2.37003286246315,10.765380971652
"1053","C","CEC",3,9.33,25,154,8.22,9.72,8.22,2.63054987470682,10.5965405014787
"1054","C","CEC",4,4.238,25,154,6.98,7.71,6.98,1.99504527679527,12.1525482652289
"1055","C","CEC",5,4.212,25,154,6.41,7.58,6.41,2.01655949799338,8.71944222243997
"1056","C","CEC",6,6.754,25,154,7.54,8.9,7.54,2.31864281845495,7.18742045205489
"1057","C","CEC",7,4.68,25,154,6.68,7.98,6.68,2.02560994569688,8.20020805624503
"1058","C","CEC",8,4.554,25,154,6.65,7.87,6.65,2.02182384173569,13.1452490868844
"1059","C","CEC",9,10.184,25,154,8.4,10.42,8.4,2.72947380592423,11.3288121972021
"1060","C","CEC",10,3.001,25,154,5.7,6.9,5.7,1.82022335116042,10.1362302641561
"1061","C","CEC",11,6.683,25,154,7.41,8.69,7.41,2.27447114871539,9.5672626039976
"1062","C","CEC",12,5.95,25,154,7.03,8.4,7.03,2.23912179789523,9.05275323131251
"1063","C","CEC",13,3.829,25,154,6.39,7.66,6.39,2.00675648839124,10.4808156954576
"1064","C","CEC",14,3.449,25,154,6,7.32,6,1.80473954393113,7.82593931921871
"1065","C","CEC",15,9.556,25,154,8.45,9.92,8.45,2.68500753016539,9.77101393092559
"1066","C","CEC",16,3.764,25,154,6.29,7.4,6.29,1.87015162677448,13.2545206780365
"1067","C","CEC",17,9.405,25,154,8.71,9.83,8.71,2.61115454861085,9.94706406005918
"1068","C","CEC",18,3.44,25,154,6.03,7.21,6.03,1.86060051293799,9.62938001173875
"1069","C","CEC",19,4.812,25,154,6.41,7.78,6.41,2.09593748569057,9.73433760160095
"1070","C","CEC",20,6.721,25,154,7.5,9.02,7.5,2.42305854867724,12.4358170862694
"1071","C","CEC",21,5.57,25,154,7.2,8.75,7.2,2.26637411183409,14.8998089922538
"1072","C","CEC",22,8.973,25,154,8.17,9.6,8.17,2.64312846513494,8.4493025523746
"1073","C","CEC",23,4.656,25,154,6.72,8,6.72,1.9786246215933,10.5442618742581
"1074","C","CEC",24,3.478,25,154,5.8,6.98,5.8,1.78262001980965,11.6857433749883
"1075","C","CEC",25,7.899,25,154,7.7,9.3,7.7,2.40015378036759,11.0815730723308
"1076","C","CEC",26,7.365,25,154,7.88,9.44,7.88,2.47854431837466,10.1796970402062
"1077","C","CEC",27,3.967,25,154,6.13,7.41,6.13,1.85412519398575,8.42889556175298
"1078","C","CEC",28,7.215,25,154,7.82,9.25,7.82,2.39868199605632,7.88069977943616
"1079","C","CEC",29,3.619,25,154,6.03,7.23,6.03,1.80112503411114,9.88680376511147
"1080","C","CEC",30,2.765,25,154,5.84,6.98,5.84,1.72241296144075,8.91749044049111
